Date,QQQ,SPY
2021-09-24,0.000938296271473682,0.0016471837413474244
2021-09-27,-0.00798210738516747,-0.0028608704919900196
2021-09-28,-0.028297503125030987,-0.02015188233431331
2021-09-29,-0.0016396698397298515,0.001683186200611475
2021-09-30,-0.0036740056051777215,-0.012222286393690274
2021-10-01,0.006201818812514581,0.011884022246787529
2021-10-04,-0.02098937357854891,-0.012896038594041204
2021-10-05,0.013498877426854294,0.010404998723067882
2021-10-06,0.0064078222062053936,0.004156055100162703
2021-10-07,0.009175140440818685,0.008645707407810121
2021-10-08,-0.004986755838333301,-0.0018238554340180846
2021-10-11,-0.0076695026959748835,-0.007239673407291258
2021-10-12,-0.0034880048289512855,-0.0024615731053959644
2021-10-13,0.008007984389026168,0.003597630354184922
2021-10-14,0.01841687396061875,0.0168206797850734
2021-10-15,0.006300527007900625,0.00761583915215569
2021-10-18,0.0100556179555511,0.0029604054732448315
2021-10-19,0.00756752688368012,0.0077148736337029344
2021-10-20,-0.001305070866922442,0.0039278238474398375
2021-10-21,0.006106982247329862,0.0026082802313489584
2021-10-22,-0.008402482372797837,-0.0010362818787418293
2021-10-25,0.010237912147071038,0.0053628455578969
2021-10-26,0.0031487562263148305,0.0009000341792384514
2021-10-27,0.0023212695821872575,-0.004430288892619538
2021-10-28,0.011105086286239851,0.009648910449911119
2021-10-29,0.0049190671547434395,0.002029176197748228
2021-11-01,0.003418787966739334,0.0017202021443556426
2021-11-02,0.004181397379324325,0.004043037024102247
2021-11-03,0.010615614644791105,0.006105194391813784
2021-11-04,0.0128185022376619,0.004712508477130006
2021-11-05,0.0009544689566236553,0.0034698472073646514
2021-11-08,-0.0013550032887050811,0.0008535113153274043
2021-11-09,-0.006883343753665727,-0.0033053708588669517
2021-11-10,-0.014696710772521215,-0.008044605734175203
2021-11-11,0.0027726041587285977,0.0003232452841237521
2021-11-12,0.0105224787871947,0.007546988215596295
2021-11-15,-0.00022791931098742335,0.00034229723340462037
2021-11-16,0.007120894973293268,0.003957827383887835
2021-11-17,0.0005281982797478157,-0.0024292041821971644
2021-11-18,0.010361565504118486,0.0033963986882776798
2021-11-19,0.005575687373306604,-0.001788100814932747
2021-11-22,-0.0116094625369898,-0.00281527386100644
2021-11-23,-0.004558003871177108,0.0013260915971096132
2021-11-24,0.0032203689900986987,0.0026699265263203653
2021-11-26,-0.018958497002832475,-0.02230348162401885
2021-11-29,0.021702417392798656,0.012266798876707563
2021-11-30,-0.014686438230540833,-0.019457608744736343
2021-12-01,-0.01701293970906459,-0.011107148768596864
2021-12-02,0.007207175010274902,0.015316086765470693
2021-12-03,-0.01738861929080726,-0.00870107114305363
2021-12-06,0.00801281801389564,0.011843271220906448
2021-12-07,0.030114079858098997,0.020684741113234262
2021-12-08,0.004474229963991272,0.0026479529699361404
2021-12-09,-0.01471455857268511,-0.006751567285927518
2021-12-10,0.010870529619575686,0.00941341343022195
2021-12-13,-0.014446724257850208,-0.008858455394738507
2021-12-14,-0.01035054656920309,-0.00687992458440656
2021-12-15,0.022797649045850354,0.015625040710015137
2021-12-16,-0.0257143479371289,-0.008818241880315325
2021-12-17,-0.004989628715408312,-0.010643087271063223
2021-12-20,-0.009700087400612345,-0.010633426112589217
2021-12-21,0.022380611537583084,0.017759110631640596
2021-12-22,0.012178327696959368,0.009998792982785387
2021-12-23,0.007539036571134972,0.006221931284077886
2021-12-27,0.01652726807372029,0.014152233968346195
2021-12-28,-0.004634772977924695,-0.0008173206299030289
2021-12-29,-0.00014950627351628665,0.001279109543391277
2021-12-30,-0.0029882264191904984,-0.002764481523012341
2021-12-31,-0.006244588147801489,-0.0025201070482148147
2022-01-03,0.009626783552235896,0.005790093039908406
2022-01-04,-0.012970457097499333,-0.0003351417648304045
2022-01-05,-0.03072129568067894,-0.019202285828514132
2022-01-06,-0.0007026101583308408,-0.0009392353596775482
2022-01-07,-0.010832612552069465,-0.003953708377788634
2022-01-10,0.0006582253658826698,-0.001244235747933864
2022-01-11,0.015021823555494196,0.009108359337260952
2022-01-12,0.003965587029540751,0.0027035869871498974
2022-01-13,-0.02501615365469856,-0.013778728147031405
2022-01-14,0.006222380914051584,0.00040904527614649133
2022-01-18,-0.02489402678388075,-0.01770944206690217
2022-01-19,-0.010983420417512546,-0.010383660452031096
2022-01-20,-0.012988585438008071,-0.011068189707533649
2022-01-21,-0.027728661203288762,-0.01963058323267286
2022-01-24,0.004577858871436469,0.004246729765674528
2022-01-25,-0.02318141859971079,-0.01220884460401983
2022-01-26,-0.0015646625579298634,-0.0025089029572051835
2022-01-27,-0.010070545218250015,-0.004937845907487137
2022-01-28,0.03136901408658166,0.02483542087116608
2022-01-31,0.031978311509874846,0.018011005654823276
2022-02-01,0.006803729651717161,0.0067569633080371005
2022-02-02,0.008125591411743516,0.00971410141529061
2022-02-03,-0.04054405536001904,-0.023505087122916213
2022-02-04,0.012614812540947318,0.004702347839489196
2022-02-07,-0.008044736076202375,-0.0032094769388092415
2022-02-08,0.011235636119961478,0.008228033938032064
2022-02-09,0.021190618414002937,0.01463599289348294
2022-02-10,-0.022632372473797235,-0.017965532272508744
2022-02-11,-0.03172174190969157,-0.019718888358867037
2022-02-14,0.0012390870713379076,-0.00326915061877342
2022-02-15,0.024863947271937192,0.0161268199792155
2022-02-16,-0.0002527223648182142,0.0011207642625397085
2022-02-17,-0.029743927352795185,-0.02136146835505337
2022-02-18,-0.011405205039518473,-0.0064749704825946
2022-02-22,-0.010043904553527327,-0.010731610377271994
2022-02-23,-0.025615176754900104,-0.01773873194773945
2022-02-24,0.033604414735193044,0.015049218053112767
2022-02-25,0.015507259877131307,0.02206397178517827
2022-02-28,0.0029786732012140327,-0.002558512435145932
2022-03-01,-0.015311221069155834,-0.015230273695893137
2022-03-02,0.016779446173901924,0.01839610517621293
2022-03-03,-0.014284899013555563,-0.004978319443327606
2022-03-04,-0.014491914549406903,-0.008124665918587959
2022-03-07,-0.03688129783646443,-0.02947920187040365
2022-03-08,-0.00464767017636869,-0.007581872282526159
2022-03-09,0.035997740629644115,0.026811033207746693
2022-03-10,-0.011104652138383964,-0.004515537479273024
2022-03-11,-0.020738516736478196,-0.01271503931591822
2022-03-14,-0.019204546400588773,-0.007308468502692733
2022-03-15,0.03136683293983333,0.02199060889219595
2022-03-16,0.037086484634080374,0.02217393981281801
2022-03-17,0.012106238806347536,0.012510953307189654
2022-03-18,0.020468255063044172,0.010952866185506283
2022-03-21,-0.0027801915417778877,-0.0002924023727906011
2022-03-22,0.019652674572078865,0.011701558187330763
2022-03-23,-0.014371330724070486,-0.012878434553819873
2022-03-24,0.022226388356978655,0.01507438630277691
2022-03-25,-0.0008339761336141338,0.004883523095822184
2022-03-28,0.015472552087806513,0.00711289925880898
2022-03-29,0.017209387557518774,0.012370876167245859
2022-03-30,-0.011045328959298106,-0.006174638985208314
2022-03-31,-0.012394770730747018,-0.015391353480900705
2022-04-01,-0.001903381809687743,0.0028340042036389956
2022-04-04,0.020588721457993175,0.008566584580548486
2022-04-05,-0.022204049130535308,-0.012631244025331445
2022-04-06,-0.021711390499895344,-0.00999940926301468
2022-04-07,0.002377868967007535,0.0050389519734848065
2022-04-08,-0.013979245705507126,-0.0026739429850148877
2022-04-11,-0.023657595657917252,-0.017092243698542786
2022-04-12,-0.004223899812938692,-0.003705257821856933
2022-04-13,0.020326773645925167,0.01145359814764002
2022-04-14,-0.022867118149961674,-0.012451806546193711
2022-04-18,0.0007681046045775464,0.00041113991484453827
2022-04-19,0.022351005719783767,0.016142654654740074
2022-04-20,-0.01458426669512114,-0.0007415137426582952
2022-04-21,-0.020691096122985253,-0.014953598952057834
2022-04-22,-0.026185924021604023,-0.027439125454690738
2022-04-25,0.012845500730089165,0.0057976928980241205
2022-04-26,-0.03774484846350834,-0.028961003408987884
2022-04-27,-0.001198151869285069,0.0028119088706894946
2022-04-28,0.035515859479640755,0.02525952196813175
2022-04-29,-0.04499895582089686,-0.03695560776536222
2022-05-02,0.0166961739107101,0.006019259364157703
2022-05-03,0.0010676445020543213,0.00458411213893517
2022-05-04,0.03381210175730964,0.030452924517822
2022-05-05,-0.05036384721985243,-0.03554289409549882
2022-05-06,-0.011980966413652427,-0.005968885221663056
2022-05-09,-0.03912686695303347,-0.03201711916847594
2022-05-10,0.012148640752268403,0.0023106427305441546
2022-05-11,-0.02965806914702962,-0.015886407959707638
2022-05-12,-0.002364594914541107,-0.0010436738640493548
2022-05-13,0.03705997880157019,0.023907719044831355
2022-05-16,-0.011591724004968662,-0.004057514114802818
2022-05-17,0.0259015294595768,0.02057025120264
2022-05-18,-0.04909027153096779,-0.040311606594689686
2022-05-19,-0.005358285374535421,-0.006124644873497842
2022-05-20,-0.003108080196180807,0.0004366095892149868
2022-05-23,0.01662752975251114,0.018710197871862233
2022-05-24,-0.021262036241538884,-0.007633928775585774
2022-05-25,0.01399525644120847,0.008834936651902714
2022-05-26,0.027707025197299284,0.01998132852937906
2022-05-27,0.03263957463288358,0.02454922917334934
2022-05-31,-0.002652950269435017,-0.005611073496671781
2022-06-01,-0.007395827069929695,-0.008088378492877468
2022-06-02,0.027385686353373462,0.01904339766521157
2022-06-03,-0.02601959074003668,-0.016411603118027585
2022-06-06,0.003331385765519057,0.003044769496721722
2022-06-07,0.008625513482367397,0.009592325195275642
2022-06-08,-0.007196333055488502,-0.010872143184489258
2022-06-09,-0.026784882282929967,-0.023782823420079424
2022-06-10,-0.03527028332256765,-0.028995686767551265
2022-06-13,-0.04649621597732245,-0.037968278539759814
2022-06-14,0.0018154121786244648,-0.0030132585624091934
2022-06-15,0.0249718450898484,0.014256209847081092
2022-06-16,-0.04034651425640945,-0.03309593531905641
2022-06-17,0.0121594798419693,0.0021558407849784356
2022-06-21,0.025229825000502304,0.025173557967893778
2022-06-22,-0.001458859797325518,-0.0018129564820744681
2022-06-23,0.014892874960502844,0.00980252200808951
2022-06-24,0.034263626071201925,0.03179402888443161
2022-06-27,-0.007331528025046885,-0.003819987495063626
2022-06-28,-0.03046690494904969,-0.020432786443013606
2022-06-29,0.0009169185662596391,-0.0008142109356591432
2022-06-30,-0.012402854856087941,-0.008124305557794864
2022-07-01,0.006600528471166323,0.010576447938282607
2022-07-05,0.017119389343943414,0.0018885042594203316
2022-07-06,0.006412299047024117,0.0033774880266561613
2022-07-07,0.021399183288911328,0.014977090567313
2022-07-08,0.0012539586826132432,-0.000822640459324564
2022-07-11,-0.021364475715051623,-0.011423648010942311
2022-07-12,-0.009687102149253723,-0.00884884763471594
2022-07-13,-0.002061186631935552,-0.005251775472149167
2022-07-14,0.0035706633979604163,-0.0024284687935582916
2022-07-15,0.01813934528179484,0.019105083939800593
2022-07-18,-0.008462603747390496,-0.008256814769599607
2022-07-19,0.030753276523882933,0.02701933994297878
2022-07-20,0.015856524879654277,0.006372814721130382
2022-07-21,0.014354901825475608,0.010183341848065686
2022-07-22,-0.017535376331656805,-0.00927810029878684
2022-07-25,-0.0056954141876278674,0.0012148681167207798
2022-07-26,-0.019648786413511088,-0.011830999475381687
2022-07-27,0.04225950183714078,0.025966346263801787
2022-07-28,0.009778124504826513,0.012542476409371783
2022-07-29,0.01823700467156142,0.014578757303764345
2022-08-01,-0.0006023512338823034,-0.002961153427229579
2022-08-02,-0.002981598745798286,-0.006597448547616902
2022-08-03,0.02723263107480789,0.015659475397964417
2022-08-04,0.004676415508849452,-0.000675621059753162
2022-08-05,-0.008168770498281352,-0.001690272505498025
2022-08-08,-0.0032326961343469574,-0.0011607856312051412
2022-08-09,-0.011318431974131071,-0.003971075968953519
2022-08-10,0.027911053945897102,0.02100386294262302
2022-08-11,-0.0056761498074029415,0.0
2022-08-12,0.019470589672850203,0.016929081609560193
2022-08-15,0.00808140376064026,0.004120763488336676
2022-08-16,-0.002342143574087241,0.001958910000164016
2022-08-17,-0.011406116927065724,-0.007098150282348725
2022-08-18,0.0024052238500162915,0.00290630670825065
2022-08-19,-0.019497180674058034,-0.013437902565155868
2022-08-22,-0.026327365949601278,-0.020822355836348394
2022-08-23,-0.0008267247797160149,-0.002419297664263187
2022-08-24,0.0028970271685495597,0.0032008106163441408
2022-08-25,0.017681854417884724,0.014117743251996107
2022-08-26,-0.040988382567611614,-0.03384897007285104
2022-08-29,-0.009855228296972385,-0.0066120314350989196
2022-08-30,-0.011136452262563323,-0.010978107670984283
2022-08-31,-0.005813497001164403,-0.007609053674047295
2022-09-01,0.00043441436226387964,0.0031377494039133147
2022-09-02,-0.014128385690312273,-0.010544038381924747
2022-09-06,-0.007182185558123555,-0.003773197094398828
2022-09-07,0.020201247625464047,0.017964984835428854
2022-09-08,0.005184278418116639,0.00653597953039875
2022-09-09,0.02186225413219378,0.015535287230794115
2022-09-12,0.011885868021175972,0.010747968295374832
2022-09-13,-0.05483670362233073,-0.04348259036223112
2022-09-14,0.007933005814922733,0.003815681444991892
2022-09-15,-0.01665384303023021,-0.01135314961998446
2022-09-16,-0.006114737602684328,-0.0076290162219903035
2022-09-19,0.007787583579055513,0.007754774331498515
2022-09-20,-0.007971121701004114,-0.01147829200235495
2022-09-21,-0.017906080578120154,-0.01744384552737488
2022-09-22,-0.012307662808057951,-0.008399945252927088
2022-09-23,-0.016281734286032745,-0.016754875461675756
2022-09-26,-0.004137662425452104,-0.009892492467833747
2022-09-27,0.00040100984780422344,-0.0025528648596189196
2022-09-28,0.01989195175602876,0.019676366759572295
2022-09-29,-0.02882766491393396,-0.020888910749013778
2022-09-30,-0.0169564891066738,-0.015463671371622412
2022-10-03,0.023460270320830645,0.02640135933457244
2022-10-04,0.03144074262825036,0.03098664627484715
2022-10-05,-0.0005319722758599932,-0.0023282826689421388
2022-10-06,-0.007872459943152998,-0.010315777486606614
2022-10-07,-0.03810407063783117,-0.02789385636334385
2022-10-10,-0.009996302697590886,-0.0076351318127391155
2022-10-11,-0.013738389525475014,-0.0063331761132205955
2022-10-12,-0.00034263066376749585,-0.0032985861533595395
2022-10-13,0.023452607134061942,0.02639128612672592
2022-10-14,-0.030057401592495814,-0.02278865807755881
2022-10-17,0.03302152796316227,0.025696759987417384
2022-10-18,0.007907830495874402,0.011749660347963209
2022-10-19,-0.003646588159298858,-0.0070864721252930085
2022-10-20,-0.005102258898454615,-0.008385316890139882
2022-10-21,0.023448211797491902,0.024301608261670715
2022-10-24,0.011001100983714984,0.012236425769324821
2022-10-25,0.0206859038577365,0.015968439965919234
2022-10-26,-0.02209631005442525,-0.007534108279728224
2022-10-27,-0.018206015611420323,-0.005340120197086962
2022-10-28,0.03060077099706171,0.023790873911041288
2022-10-31,-0.01162781007262037,-0.007223358386977963
2022-11-01,-0.010217765236258947,-0.0043757855886700225
2022-11-02,-0.03427720582906846,-0.025096018228730643
2022-11-03,-0.01953503530894285,-0.01029721079731083
2022-11-04,0.016085191891144435,0.014393249732386648
2022-11-07,0.010994619511102144,0.009565535989259466
2022-11-08,0.0072873256189947,0.0053956073778402835
2022-11-09,-0.02307644597319769,-0.0206022149667644
2022-11-10,0.0737883205468135,0.054954010544129295
2022-11-11,0.01842646730852593,0.0096786529872801
2022-11-14,-0.008751157593542391,-0.008506698513922828
2022-11-15,0.013838272396124118,0.008529003541725588
2022-11-16,-0.013649388440839183,-0.007628658292441415
2022-11-17,-0.0022071041143153503,-0.003060030336956121
2022-11-18,3.4780002222900563e-05,0.004540541280916521
2022-11-21,-0.010287062179434425,-0.003636093591609213
2022-11-22,0.014402749322524278,0.013456970123706613
2022-11-23,0.010036921998930692,0.006301685507771104
2022-11-25,-0.006578446264968507,-0.00022380200631066938
2022-11-28,-0.014673233603685998,-0.015957091977410576
2022-11-29,-0.0075695008460049396,-0.0017175625971436181
2022-11-30,0.04558565812928195,0.03150069789291887
2022-12-01,0.001227198798642526,-0.0007358297195576569
2022-12-02,-0.003983374555085906,-0.001153672452965493
2022-12-05,-0.016783687807662484,-0.017989308739569054
2022-12-06,-0.020720271982765825,-0.014414717179859315
2022-12-07,-0.004082529191231865,-0.0017012515727089506
2022-12-08,0.011834745313375805,0.007834024790427163
2022-12-09,-0.006376579613395883,-0.007470316499623153
2022-12-12,0.012551481660269648,0.01441723647785409
2022-12-13,0.010749885601101461,0.007569910367646315
2022-12-14,-0.007413948507564605,-0.006393654114978831
2022-12-15,-0.033576246835338774,-0.024461785275834202
2022-12-16,-0.009534613447860996,-0.011805984983425222
2022-12-19,-0.014053564909533356,-0.008479618304061298
2022-12-20,-0.0007783291889855715,0.0013684833913736316
2022-12-21,0.014505779041859679,0.014952366122521266
2022-12-22,-0.02446510931174184,-0.014266194832544876
2022-12-23,0.002249324694249877,0.005752290478567623
2022-12-27,-0.01413831287253764,-0.003943612260593254
2022-12-28,-0.013202663063057063,-0.01242773800319985
2022-12-29,0.024375046030820302,0.01800028830225897
2022-12-30,-0.0006002127069593133,-0.0026340354563018087
2023-01-03,-0.0067601359894354784,-0.004209925350795007
2023-01-04,0.004763972496303781,0.007720300786749901
2023-01-05,-0.015654264864835676,-0.01141344421288959
2023-01-06,0.027601608329046012,0.022932131718811366
2023-01-09,0.006473396425889177,-0.00056705686521763
2023-01-10,0.008464371813819316,0.0070128754026528295
2023-01-11,0.01730014058578022,0.012647952927028916
2023-01-12,0.0054043629810851535,0.0036407233913362536
2023-01-13,0.006880538958980997,0.0038793938986050325
2023-01-17,0.0020288314636411897,-0.0018318797498122485
2023-01-18,-0.013000151915172009,-0.015787776048390656
2023-01-19,-0.009824155337697205,-0.007279904974503704
2023-01-20,0.02736672756369396,0.018629024702641717
2023-01-23,0.022215558930577695,0.01199854749193019
2023-01-24,-0.0020415620344547136,-0.001073270540205118
2023-01-25,-0.0022191355252053624,0.00037471715330728017
2023-01-26,0.019497349977318335,0.010990436344002541
2023-01-27,0.009954324603501874,0.002297572335980158
2023-01-30,-0.02021876248546728,-0.012546676200260398
2023-01-31,0.01498604022875627,0.014703333548983233
2023-02-01,0.021383693050638364,0.01062767329062897
2023-02-02,0.035889848540914926,0.014556913026607665
2023-02-03,-0.01777232060620737,-0.010628958338131267
2023-02-06,-0.008459169469284933,-0.006111340267619614
2023-02-07,0.020718815807146074,0.013078689011437383
2023-02-08,-0.01778117265824175,-0.010934906872427708
2023-02-09,-0.008837936008922798,-0.008669225872653175
2023-02-10,-0.006563323631705753,0.0023338808528476918
2023-02-13,0.016016188230830064,0.011738679531265062
2023-02-14,0.007389016813890814,-0.0004599761463423002
2023-02-15,0.007661037529175463,0.0032475225844830202
2023-02-16,-0.01876427824253013,-0.013769060803285216
2023-02-17,-0.007055639722161167,-0.0024980729800615498
2023-02-21,-0.023674808112386536,-0.02006095016804077
2023-02-22,0.0007479842328528274,-0.0013781317824286266
2023-02-23,0.008734015377782844,0.005319431628444615
2023-02-24,-0.016743977559028678,-0.010682390498110705
2023-02-27,0.00716122530397878,0.0034057627316745887
2023-02-28,-0.001292802336249732,-0.0036960313657070643
2023-03-01,-0.008039448912220859,-0.0038358634459420005
2023-03-02,0.008275889090432642,0.007777377641034144
2023-03-03,0.020673907067752184,0.016037766654693586
2023-03-06,0.0011345790505756792,0.0006927993669814114
2023-03-07,-0.012265792644431284,-0.015328885885742882
2023-03-08,0.004994153237768195,0.0016321789826407862
2023-03-09,-0.017325841141828224,-0.018449652368678016
2023-03-10,-0.014043679066201853,-0.014429735688542888
2023-03-13,0.0074165231956357935,-0.0014251994159916181
2023-03-14,0.022979615915412532,0.0165301703381191
2023-03-15,0.00524616698229563,-0.006254485079031369
2023-03-16,0.02636049163230414,0.017545207868167045
2023-03-17,-0.004726083941485326,-0.011692639585236697
2023-03-20,0.0035491948770967063,0.009615701316553427
2023-03-21,0.01428227445815855,0.013130403373646349
2023-03-22,-0.013598044254999109,-0.017046407919098505
2023-03-23,0.011858208260176584,0.0027033767294515343
2023-03-24,0.003680487797525389,0.0065620728967703545
2023-03-27,-0.006851418214736671,0.0018697310873256878
2023-03-28,-0.005311565290770703,-0.002244474208201841
2023-03-29,0.018234098054224823,0.014534965462325689
2023-03-30,0.009465226356044187,0.0058550244918964545
2023-03-31,0.016630727683074387,0.0140944251876296
2023-04-03,-0.002430446649368423,0.0038107588343061494
2023-04-04,-0.0033734851205574623,-0.005548003285786751
2023-04-05,-0.009872401047965274,-0.0026184768549514237
2023-04-06,0.00674223391363471,0.003900921824932402
2023-04-10,-0.0005660414472693498,0.0010264149367871234
2023-04-11,-0.006417692585856893,0.0002686158695797136
2023-04-12,-0.008833835550341562,-0.0040757657405564585
2023-04-13,0.019582354076428166,0.013282638624447118
2023-04-14,-0.0018800860281492637,-0.0024429989398073726
2023-04-17,0.000847676300989253,0.0035883522095008225
2023-04-18,6.247733366260277e-05,0.0006522719213917227
2023-04-19,-0.00047040540863729774,-0.00016906000329652837
2023-04-20,-0.007624368916716584,-0.005457089864543629
2023-04-21,0.0010433533901506031,0.0007769524334861888
2023-04-24,-0.0020846301853271187,0.0010432772949393598
2023-04-25,-0.01886371631653383,-0.01587385453338752
2023-04-26,0.006064835361237364,-0.004235766208624647
2023-04-27,0.027190811137407955,0.01990832509679108
2023-04-28,0.0068986034899343185,0.008535027859754907
2023-05-01,-0.0011472291939867985,-0.0010097055416328216
2023-05-02,-0.008721285483687558,-0.011239188065393146
2023-05-03,-0.0065440581990328095,-0.006864030594452619
2023-05-04,-0.0035297527986057897,-0.007083095920361049
2023-05-05,0.021254324083452847,0.018512711134329063
2023-05-08,0.002477483491396093,0.0002664953680788784
2023-05-09,-0.006332976073735619,-0.004385345084424119
2023-05-10,0.010881608999858239,0.004672414048531692
2023-05-11,0.0032602532557299835,-0.0017440354989586293
2023-05-12,-0.0035869619771725647,-0.0013101185077208921
2023-05-15,0.005414942237487841,0.0034500388285216843
2023-05-16,0.0011320935864032045,-0.0066828788571833275
2023-05-17,0.012104441263443677,0.012139169602950695
2023-05-18,0.01857335907190727,0.009633165939851862
2023-05-19,-0.0022532640767173318,-0.0014550421033135974
2023-05-22,0.0033577457910247688,0.00040605323111919667
2023-05-23,-0.012676301992252337,-0.011222780531268572
2023-05-24,-0.00512958985969747,-0.007244899828520279
2023-05-25,0.024332832736164267,0.00865974093116817
2023-05-26,0.025550671044799245,0.012950769871263201
2023-05-30,0.004534895989349419,0.0003810234391261602
2023-05-31,-0.005686051684328786,-0.005545303052002737
2023-06-01,0.011551980917773985,0.009500986530009525
2023-06-02,0.007499689859790104,0.014461234352968866
2023-06-05,0.0007050944610678123,-0.0019162010981770283
2023-06-06,-0.00016900170247069468,0.002177495836503729
2023-06-07,-0.016965305813650078,-0.003458045268387555
2023-06-08,0.012413228796684939,0.006048853520737696
2023-06-09,0.003822659011359919,0.0017942605499243758
2023-06-12,0.016897025576674274,0.009072008287289934
2023-06-13,0.007684093246604462,0.00659279844338001
2023-06-14,0.007267169366671267,0.001190826388549171
2023-06-15,0.011916134341438012,0.01239767093193933
2023-06-16,-0.006292840966598101,-0.0034062861895403085
2023-06-20,-0.0014316190619279023,-0.005188169978143309
2023-06-21,-0.013627800638751797,-0.005123704210498237
2023-06-22,0.011799094347491934,0.0036096931651292685
2023-06-23,-0.009913691935172442,-0.007559929709924362
2023-06-26,-0.013405538060134892,-0.004085771439139685
2023-06-27,0.01719408561274305,0.010963372571320074
2023-06-28,0.0019516988494074905,0.0005043250220784223
2023-06-29,-0.00200255251690995,0.003941386905671029
2023-06-30,0.015420333261965125,0.011800717294806917
2023-07-03,0.0023548102596930853,0.00115036185033901
2023-07-05,-2.694530631652814e-05,-0.00148699720017198
2023-07-06,-0.007615905714069893,-0.00783081248495543
2023-07-07,-0.003320088506369556,-0.002524577487367563
2023-07-10,0.00032768314016351496,0.002530967109954707
2023-07-11,0.004940616811400345,0.0063686842316434955
2023-07-12,0.012630080090719753,0.008045853433911843
2023-07-13,0.016978479741286412,0.007936993324988428
2023-07-14,-0.000210689137114084,-0.0006230200834974609
2023-07-17,0.009338365573651197,0.0034722862770901752
2023-07-18,0.008180670646178667,0.007430715158172951
2023-07-19,-0.00023335867026175183,0.0022236441811334107
2023-07-20,-0.023051965453888212,-0.006634435693809615
2023-07-21,-0.0029992966853461533,0.0
2023-07-24,0.0015972103845982577,0.004467408662094163
2023-07-25,0.006778021569842085,0.002729993587343049
2023-07-26,-0.0033266415912340808,0.0001536046792880441
2023-07-27,-0.0023838213348428283,-0.006629990322230328
2023-07-28,0.01821473751208247,0.009790294300444868
2023-07-31,0.0005212616558434302,0.0019042138524103525
2023-08-01,-0.002319544095195969,-0.002861609318636882
2023-08-02,-0.021943987307364687,-0.013910909544861294
2023-08-03,-0.00160274917353187,-0.002865932099899826
2023-08-04,-0.004681836052748745,-0.004522797976619919
2023-08-07,0.008466812071727947,0.008728632657071689
2023-08-08,-0.008502349166541245,-0.0043486749403353064
2023-08-09,-0.010994536697127022,-0.006685212681205366
2023-08-10,0.0018481889674371033,0.00035891199937987395
2023-08-11,-0.006375603710742306,-0.0005830405489853918
2023-08-14,0.011222362502932182,0.0055202049806044595
2023-08-15,-0.010611623007524829,-0.011649126327926917
2023-08-16,-0.01058911820715025,-0.00733809695755383
2023-08-17,-0.010922961152849853,-0.007619942733776308
2023-08-18,-0.001254910051199376,0.0004814044607575063
2023-08-21,0.016111447092331366,0.006506236440642299
2023-08-22,-0.0014288348751875235,-0.0027086349683950184
2023-08-23,0.01576841378280358,0.011137783339478124
2023-08-24,-0.021375644765326163,-0.01385908164401184
2023-08-25,0.0077515957877056785,0.007049714555938946
2023-08-28,0.007526916518170612,0.006341533373401154
2023-08-29,0.021840080213887836,0.014454576699282073
2023-08-30,0.005576523282359913,0.004118847463647324
2023-08-31,0.002998583598961879,-0.0014633333018835293
2023-09-01,-0.0010582409123386372,0.001865147133391254
2023-09-05,0.001271086192996096,-0.004321878377897104
2023-09-06,-0.008807628904577758,-0.006722312827919463
2023-09-07,-0.007151679523272225,-0.0030702402682556418
2023-09-08,0.0013974975870860717,0.0015059399178800614
2023-09-11,0.011782647343575592,0.006576798250387705
2023-09-12,-0.011088207138398753,-0.005485596017474448
2023-09-13,0.0038091615483881736,0.0011657293790432455
2023-09-14,0.008177080452105523,0.008622554708488162
2023-09-15,-0.017122848923051603,-0.012048338891772814
2023-09-18,0.0010422680167812004,0.0005864607433156976
2023-09-19,-0.0021312679160022663,-0.0020737714243528327
2023-09-20,-0.01441032296178446,-0.009193361806369982
2023-09-21,-0.018324801909508692,-0.01652835504809147
2023-09-22,0.00013998525211134094,-0.0022485834122557558
2023-09-25,0.004749553393343486,0.0042052123636286964
2023-09-26,-0.015016180067803253,-0.014691274582096292
2023-09-27,0.0023431963841467063,0.0003990798945912033
2023-09-28,0.00836555516993287,0.00579753352482415
2023-09-29,0.0007260748790836047,-0.0024269145376057955
2023-10-02,0.008345752117430827,-0.00039780824976143325
2023-10-03,-0.017549716981205,-0.013386013422892362
2023-10-04,0.013608579084720684,0.0072818301318624545
2023-10-05,-0.0029462462127980427,-0.0003766793528000578
2023-10-06,0.016755113039101932,0.011872815247166102
2023-10-09,0.005100184567652377,0.0064021834492535845
2023-10-10,0.005537975956324104,0.005204881069301948
2023-10-11,0.007135281518791503,0.004096306420702245
2023-10-12,-0.0034751003952264714,-0.006096438609385357
2023-10-13,-0.012569862049170433,-0.0049808388859627906
2023-10-16,0.01130637136964352,0.010521368380703056
2023-10-17,-0.0032755235838538566,-4.593770948191356e-05
2023-10-18,-0.01311783961616897,-0.013325015298758291
2023-10-19,-0.00935680117205373,-0.00878627689644329
2023-10-20,-0.014918040278432798,-0.012288213573328322
2023-10-23,0.003017657973204413,-0.0017331009509515827
2023-10-24,0.00972787874927028,0.007539298412349016
2023-10-25,-0.02447569309525155,-0.014352051943946509
2023-10-26,-0.019067104566882542,-0.011974792686259561
2023-10-27,0.004801448806899256,-0.004532718968662586
2023-10-30,0.011264986590200587,0.01195574333836169
2023-10-31,0.0047821598762893824,0.006280382268644802
2023-11-01,0.01735721734656681,0.010664843388866307
2023-11-02,0.01815326995277622,0.019164235365568993
2023-11-03,0.011748766180141645,0.009123409552010076
2023-11-06,0.004079295742441813,0.0023004516022138155
2023-11-07,0.00945258914085878,0.002845995440742266
2023-11-08,0.0006439919539729111,0.0007324198593041675
2023-11-09,-0.007695798653206132,-0.007798799907394627
2023-11-10,0.02248234677720551,0.015604954192212084
2023-11-13,-0.003118633234787116,-0.0009531778664227941
2023-11-14,0.021526561936106248,0.019400565479307685
2023-11-15,0.0007527284897463904,0.0021171954378080837
2023-11-16,0.0008557506410886706,0.0012231032171463596
2023-11-17,0.00023321623197847252,0.0012438188591530341
2023-11-20,0.012174827653189002,0.0076975060392106
2023-11-21,-0.0058095315334908415,-0.0021794027561510276
2023-11-22,0.0040930802024481405,0.003860856688096659
2023-11-24,-0.0014099366837452276,0.0006153278672449414
2023-11-27,-0.0008728626260526839,-0.001801131957397839
2023-11-28,0.0026207160344913216,0.0009903038233749495
2023-11-29,-0.000973796273419647,-0.0007035100798651328
2023-11-30,-0.0025140980586624284,0.003937460045573049
2023-12-01,0.002854656689656787,0.005916063547398709
2023-12-04,-0.009283342366211977,-0.005249491634490733
2023-12-05,0.0025107793346252905,-0.00019706070516001262
2023-12-06,-0.005783786868135077,-0.004029729320089048
2023-12-07,0.013972239145290999,0.007630238191048688
2023-12-08,0.004456739568513113,0.004299220082694566
2023-12-11,0.008542238266976643,0.0038895629807889076
2023-12-12,0.007964045927120411,0.0045671836766900675
2023-12-13,0.012717218156408139,0.013790353059848215
2023-12-14,-0.0008666986829085621,0.003209263598529022
2023-12-15,0.004833993718562635,-0.0016464608332517061
2023-12-18,0.0062986172629602155,0.0056251552041348685
2023-12-19,0.005109577918989805,0.006080687012593788
2023-12-20,-0.014859709776841257,-0.013857226495829433
2023-12-21,0.011635363044198987,0.009481867583110093
2023-12-22,0.0014960424458554389,0.0020097867761843524
2023-12-26,0.006121622823960893,0.004222506861848219
2023-12-27,0.0020357398507968583,0.0018081514773615748
2023-12-28,-0.0004860260732674204,0.00037759190153008326
2023-12-29,-0.004327735444344505,-0.0028949686440654654
2024-01-02,-0.01692215181174639,-0.005596422618029284
2024-01-03,-0.010581469424492007,-0.008166556844834139
2024-01-04,-0.005146478981395863,-0.003221073533413832
2024-01-05,0.0011859501933730865,0.0013695625547325285
2024-01-08,0.020667975909249847,0.014276007618540643
2024-01-09,0.0019755496676427953,-0.0015169773767567118
2024-01-10,0.006777486268616295,0.0056554085451570035
2024-01-11,0.0020807047263691203,-0.0004406430121015603
2024-01-12,0.0005130833998008288,0.0006926497548269683
2024-01-16,-9.766565478397382e-05,-0.003671233311448918
2024-01-17,-0.005640666870585065,-0.005558695480359699
2024-01-18,0.014194129934215205,0.008892872269286256
2024-01-19,0.019831110327479085,0.012466216041921774
2024-01-22,0.0013057059489633982,0.0021142149023047896
2024-01-23,0.004149715406766452,0.002916549867337803
2024-01-24,0.005549250005026263,0.001093117532592558
2024-01-25,0.00122099731502745,0.005438842130797594
2024-01-26,-0.005957538397011075,-0.001270388977838599
2024-01-29,0.01024049676961547,0.007919381580072882
2024-01-30,-0.006656535976423905,-0.0007734882833236867
2024-01-31,-0.01958614594957786,-0.016317205032843285
2024-02-01,0.0117753357532151,0.01308811114233066
2024-02-02,0.016900590258435155,0.010527345896630624
2024-02-05,-0.0013054011595403647,-0.0036411212279222616
2024-02-06,-0.0020071603677561667,0.0029033607960871066
2024-02-07,0.010290143989900358,0.008340343432661435
2024-02-08,0.0018520355333966343,0.0004416452487703282
2024-02-09,0.009843024655740606,0.005779457003501243
2024-02-12,-0.003912661107543625,-0.00043903936526801246
2024-02-13,-0.015597054681431244,-0.013772968157866883
2024-02-14,0.010897269599744464,0.00908765243523213
2024-02-15,0.0029779836740089216,0.006899669666201369
2024-02-16,-0.009067884334651777,-0.004979909724657561
2024-02-20,-0.007548123014236019,-0.0055054870319337645
2024-02-21,-0.004001679121454882,0.0009059751918869541
2024-02-22,0.02927551258897898,0.020695472278324356
2024-02-23,-0.0029446602325988724,0.0006896937606934994
2024-02-26,-0.0005267219043020299,-0.0036626131282267993
2024-02-27,0.0024054324562325924,0.0018576276405823933
2024-02-28,-0.0053245600958958805,-0.0013215656359362171
2024-02-29,0.00856945264683917,0.003595055185208418
2024-03-01,0.015056854785788776,0.0093882577738309
2024-03-04,-0.003568137588085718,-0.0010724808253800289
2024-03-05,-0.017949616876911323,-0.009994155680371097
2024-03-06,0.0062836741409932895,0.005067159877519156
2024-03-07,0.015178152559345959,0.009926618881887617
2024-03-08,-0.014434889605656198,-0.006002298291439279
2024-03-11,-0.003712809669369599,-0.0008598423681860368
2024-03-12,0.014334941731916073,0.010757494913311794
2024-03-13,-0.007686055715617313,-0.0015676407241896895
2024-03-14,-0.002521291350113475,-0.0019767832569518307
2024-03-15,-0.011886783367541454,-0.006866683183199385
2024-03-18,0.009537348144600832,0.005943247138655572
2024-03-19,0.002491570612499272,0.005557165715610379
2024-03-20,0.011856622714187415,0.009249219925672625
2024-03-21,0.00473212681366908,0.0033047890556774373
2024-03-22,0.001143983542503113,-0.0018958881770726466
2024-03-25,-0.0036291766267865233,-0.0027628827076902063
2024-03-26,-0.0032376617370990513,-0.001846964471125312
2024-03-27,0.00340600847066419,0.008403841236916287
2024-03-28,-0.0018433273253743998,-0.00019109301179098814
2024-04-01,0.0021169865381494013,-0.0017399274824990707
2024-04-02,-0.0086300322398003,-0.0063578602103514514
2024-04-03,0.0022441047041386053,0.0010982959427057182
2024-04-04,-0.01529051880831378,-0.012205976796013984
2024-04-05,0.011783869355995069,0.010446774005789194
2024-04-08,0.0002952404999210234,0.000559491076444596
2024-04-09,0.0036995220915552185,0.0011568181160175328
2024-04-10,-0.008728486413071224,-0.01001316410310793
2024-04-11,0.0159680831592679,0.007547086561318972
2024-04-12,-0.015941693743868224,-0.013803395760182413
2024-04-15,-0.01645109722424065,-0.0125279737270374
2024-04-16,9.281529297644475e-05,-0.0018237697324106072
2024-04-17,-0.012201424632728664,-0.005918332748571675
2024-04-18,-0.005706376565236537,-0.0020577313435046207
2024-04-19,-0.02068905587712211,-0.008728435533661538
2024-04-22,0.010056652323136017,0.009209287675662203
2024-04-23,0.014922935851743757,0.011866617014163916
2024-04-24,0.003387781264038381,-0.00047458833593849725
2024-04-25,-0.004829964614186055,-0.0037990688977148634
2024-04-26,0.015431584357793238,0.009474080100232207
2024-04-29,0.004060409504432982,0.0035415667693081687
2024-04-30,-0.018856231434416282,-0.015841384849485163
2024-05-01,-0.007230486127344005,-0.003247076964154827
2024-05-02,0.012763404527122768,0.009353253887220747
2024-05-03,0.02009824928770465,0.012395319136308647
2024-05-06,0.010953435598058725,0.010326877053420391
2024-05-07,0.00015907131008807696,0.0011034873191710926
2024-05-08,-0.0005904714797851929,9.659983760301749e-05
2024-05-09,0.002181517518079712,0.005761654115469472
2024-05-10,0.0023582071596339738,0.001288408150016629
2024-05-13,0.0023073362998786706,0.00013433936040718741
2024-05-14,0.006432117728793596,0.0045879746414383415
2024-05-15,0.015630465596258913,0.012383137702772773
2024-05-16,-0.0020313987507539766,-0.00205753019043331
2024-05-17,-0.000486787808605893,0.001437547504734793
2024-05-20,0.006972750902854319,0.0011521850332256722
2024-05-21,0.001956427368559943,0.0024525104683361665
2024-05-22,-0.00019739750049996285,-0.0028793326873322034
2024-05-23,-0.0044984984650841,-0.007304212705789959
2024-05-24,0.009456392060992469,0.006616277132521553
2024-05-28,0.0037777071863396294,0.0006991811829941685
2024-05-29,-0.007048413170418488,-0.007002760257089458
2024-05-30,-0.010713409702823862,-0.006633806782808005
2024-05-31,-0.0018602651124286496,0.009108407465230561
2024-06-03,0.005369343170246177,0.0008152390847684376
2024-06-04,0.002736452295770464,0.0011178083574776565
2024-06-05,0.020159876686698164,0.011885200623485082
2024-06-06,-0.00034525455419509576,-1.8804057257404416e-05
2024-06-07,-0.0008847868114184587,-0.0012157051618812975
2024-06-10,0.004039296082433141,0.003089795156630215
2024-06-11,0.006862631563648636,0.002408219266786471
2024-06-12,0.013097726076835903,0.008213259435102094
2024-06-13,0.00542029913175579,0.0020131701068382135
2024-06-14,0.0051813290036253346,0.0006085064404608431
2024-06-17,0.012249774588558804,0.007959026912321532
2024-06-18,0.00030921374739723007,0.0025407121528528975
2024-06-20,-0.007707945209809108,-0.002716544837253032
2024-06-21,-0.00267928464474243,-0.001340720179602073
2024-06-24,-0.011384743867570268,-0.003250529830150617
2024-06-25,0.011435541623766587,0.0038507372222389424
2024-06-26,0.002065282290449,0.0012481518282372317
2024-06-27,0.002581294585296323,0.0015764724631710525
2024-06-28,-0.0051909603731779,-0.003935092412652108
2024-07-01,0.005865132304225362,0.002058185311948124
2024-07-02,0.010499766356562024,0.006729718414927532
2024-07-03,0.008336951328566489,0.0044625346740598815
2024-07-05,0.01042684245866976,0.0057663783647854405
2024-07-08,0.0023783204388911905,0.0011540265804428351
2024-07-09,0.0008646313216389423,0.0009724430112412197
2024-07-10,0.010426458105669667,0.009895061056430343
2024-07-11,-0.021930074373189723,-0.008622442318614865
2024-07-12,0.005874748096439397,0.006307531646837727
2024-07-15,0.002687768882944308,0.002750070829395712
2024-07-16,0.00038301773049798093,0.005930340418450086
2024-07-17,-0.02935500464937102,-0.014021123832229088
2024-07-18,-0.00473244091224867,-0.0076849422231979325
2024-07-19,-0.008863571939337955,-0.00664047062658224
2024-07-22,0.014897757077264373,0.010309782941669843
2024-07-23,-0.003524753953011661,-0.0015686751905057417
2024-07-24,-0.03587024988501397,-0.022662371094375633
2024-07-25,-0.011027654942202592,-0.0052105164850400065
2024-07-26,0.010256059285672858,0.011199909911188577
2024-07-29,0.002008597817493518,0.000587535819321916
2024-07-30,-0.013731287744172427,-0.005066259891095437
2024-07-31,0.029593621397094427,0.016254530074145235
2024-08-01,-0.024221493195441757,-0.01416089611760829
2024-08-02,-0.023734847518183,-0.018618463435495336
2024-08-05,-0.029816162077683672,-0.029123786406055285
2024-08-06,0.009555039984196823,0.0092196819717274
2024-08-07,-0.01082980538418954,-0.006684147905942961
2024-08-08,0.030591005728553666,0.023117404878171266
2024-08-09,0.005222305730550714,0.0044096655941623375
2024-08-12,0.002153638897886223,0.0005254170960922178
2024-08-13,0.024812685639666654,0.01644557530091073
2024-08-14,0.0003243267051009635,0.003154756395283176
2024-08-15,0.025263196517620434,0.017140336759196684
2024-08-16,0.0012856868547286293,0.0022418982885310523
2024-08-19,0.013135976025262952,0.009561557967383116
2024-08-20,-0.0020984793337052166,-0.0016264046361765816
2024-08-21,0.004664209264385599,0.0034366977208264426
2024-08-22,-0.015854898710411902,-0.00784845185577876
2024-08-23,0.01084533787706321,0.010625308336750017
2024-08-26,-0.009708282684951497,-0.0023838221000610504
2024-08-27,0.0029874191474208445,0.0013731297473582593
2024-08-28,-0.011347530037408071,-0.00580521267877987
2024-08-29,-0.001463882216686474,8.952696107789038e-05
2024-08-30,0.01191948177945612,0.00954577099258569
2024-09-03,-0.030360891054711736,-0.020578686953630743
2024-09-04,-0.0025984714252702545,-0.002046921494513687
2024-09-05,0.0009335117655053793,-0.002432308607041467
2024-09-06,-0.026787202280816103,-0.01683006116965957
2024-09-09,0.012859497577492274,0.011196236972005114
2024-09-10,0.009241841208815549,0.004355842243748853
2024-09-11,0.021715373504491486,0.010258757305244393
2024-09-12,0.00981611208867772,0.008423478368637216
2024-09-13,0.004479905041016918,0.005222644079797112
2024-09-16,-0.004417777329241646,0.0014769165477510615
2024-09-17,0.0005281074009724218,0.00040852437124416774
2024-09-18,-0.0043294206252565415,-0.002965737010842795
2024-09-19,0.025284075562282515,0.01706424515871352
2024-09-20,-0.0019033670942616432,-0.001728617192906845
2024-09-23,0.002650778673833898,0.0024989563415040994
2024-09-24,0.004823587485756731,0.0028611390626267497
2024-09-25,0.0009272003256346473,-0.00220536751279532
2024-09-26,0.007513080075391532,0.00396478642197029
2024-09-27,-0.005557034517588266,-0.0014503998283044162
2024-09-30,0.0027118400189183323,0.004007204729666425
2024-10-01,-0.013932563064976922,-0.00895843135052643
2024-10-02,0.0014130575071042983,0.00042213345413122383
2024-10-03,-0.0007470110921456996,-0.001828216978564945
2024-10-04,0.011898062982621305,0.009087336036124993
2024-10-07,-0.010711701662383555,-0.009040482792622595
2024-10-08,0.014934807921392235,0.009457502056803513
2024-10-09,0.007868207740844735,0.006926361179171225
2024-10-10,-0.0011354808350337864,-0.001749730350886325
2024-10-11,0.00156313137681785,0.005988037581308836
2024-10-14,0.008391608304220144,0.00817840117315427
2024-10-15,-0.013367025339766192,-0.007769767135678229
2024-10-16,0.00012233862464627876,0.004346544896921323
2024-10-17,0.000692623186298924,8.568178086854061e-05
2024-10-18,0.00655465818105494,0.0038467716391226148
2024-10-21,0.0019213301372467129,-0.0016424056842447854
2024-10-22,0.0010898952658935368,-0.0005310008526185905
2024-10-23,-0.015323842042764602,-0.009137360464625877
2024-10-24,0.008108826508973488,0.002162338873883396
2024-10-25,0.006093657105306294,-0.0003450767965661461
2024-10-28,0.000161500868961717,0.003091557797669564
2024-10-29,0.00960840340945146,0.0016180977530577678
2024-10-30,-0.007557580930652064,-0.00302499357606123
2024-10-31,-0.025242803701880367,-0.019603099779717637
2024-11-01,0.007398919249250513,0.004220306778263794
2024-11-04,-0.002913153581244332,-0.0021539924147711
2024-11-05,0.01275687299723427,0.012092034119651984
2024-11-06,0.027163230776013902,0.024865402858073038
2024-11-07,0.015744301135520056,0.007732139566883456
2024-11-08,0.001168552275561563,0.0043316698038256
2024-11-11,-0.0005836841133954884,0.0009527467070633566
2024-11-12,-0.0018099075716696555,-0.003106020170619894
2024-11-13,-0.0012867038756417815,0.00048561488814491405
2024-11-14,-0.006949774839114298,-0.006430071676556404
2024-11-15,-0.023825846760551328,-0.012808558725898367
2024-11-18,0.006947603993525231,0.004097243491332447
2024-11-19,0.0068797547497174705,0.0036554212827906163
2024-11-20,-0.0005760440614926976,0.00033882287032160896
2024-11-21,0.003597204281944988,0.005368359607974105
2024-11-22,0.0016040150922460583,0.003099517569998378
2024-11-25,0.0015815775892100703,0.0033921395057479042
2024-11-26,0.00536929847097567,0.005221387498766772
2024-11-27,-0.007873450045409514,-0.0030302312032725043
2024-11-29,0.008786908992322928,0.006212252031299492
2024-12-02,0.010887889092057401,0.001792321774351846
2024-12-03,0.0030663124159331367,0.000463856150800801
2024-12-04,0.012362901157624062,0.00620952317140433
2024-12-05,-0.002771233605449175,-0.0016456130139689273
2024-12-06,0.008949658393073934,0.001895564054851917
2024-12-09,-0.007787412309638753,-0.0051497216380564925
2024-12-10,-0.0034077972156476566,-0.0031089664550512097
2024-12-11,0.017902669430585938,0.007730565645738041
2024-12-12,-0.006453936775781988,-0.005152585929971143
2024-12-13,0.007654443118097376,-0.00019859475098160662
2024-12-16,0.014400624372974624,0.004270015185904974
2024-12-17,-0.004403695621690962,-0.004120034227280023
2024-12-18,-0.0360770589621513,-0.029803482541052806
2024-12-19,-0.004453232464225798,-0.00030706341716957297
2024-12-20,0.008732509680139389,0.012011113932080208
2024-12-23,0.009742786490189781,0.005988128598219955
2024-12-24,0.013559760999559023,0.011115071527136644
2024-12-26,-0.0006792315995080012,6.65501538725799e-05
2024-12-27,-0.013293303336017748,-0.010526436712376186
2024-12-30,-0.013299830013686287,-0.011411577065014389
2024-12-31,-0.008494737362351623,-0.0036380706862343404
2025-01-02,-0.0019560671131129137,-0.0024571728262170467
2025-01-03,0.016365280343869415,0.012503476884162534
2025-01-06,0.01149290491818844,0.005760726822599649
2025-01-07,-0.017844377092018027,-0.011304099403320444
2025-01-08,0.00017473928301581232,0.0014610446421614576
2025-01-10,-0.015681081323550505,-0.015267543063221312
2025-01-13,-0.00321372818562371,0.0015503611684326568
2025-01-14,-0.0009494934847652514,0.0013761558729881163
2025-01-15,0.023006197773013604,0.01818997926309862
2025-01-16,-0.007005999066510116,-0.0019232576219280206
2025-01-17,0.016878480709395127,0.010040007716690669
2025-01-21,0.005865137928780628,0.009153401964755004
2025-01-22,0.012785746959265376,0.005621359328503939
2025-01-23,0.0021261368097640343,0.005458271948127313
2025-01-24,-0.00565127468012383,-0.0029193693517148844
2025-01-27,-0.029114460134022635,-0.014145371801854822
2025-01-28,0.014779702617551793,0.00859247042376432
2025-01-29,-0.0018780692914496244,-0.004482980456218866
2025-01-30,0.004262532379385897,0.005367069831162752
2025-01-31,-0.0014531385757335924,-0.005321960616874288
2025-02-03,-0.008003185811964242,-0.00672940829499491
2025-02-04,0.012275440813960703,0.0067082651148351324
2025-02-05,0.00453797635783082,0.004054355919582919
2025-02-06,0.0052197610899331615,0.003475711323454478
2025-02-07,-0.012613610067363834,-0.009153559299522107
2025-02-10,0.012105321084286746,0.006791099895684161
2025-02-11,-0.0023808488154605234,0.0007606806800792842
2025-02-12,0.0005872187758919623,-0.0032213622418345578
2025-02-13,0.01438581528552585,0.0105574137894755
2025-02-14,0.004198487749577096,-4.9197016905200286e-05
2025-02-18,0.002267127069263797,0.002935736552323931
2025-02-19,0.00027811367488483896,0.0023549656556058896
2025-02-20,-0.004244475296806938,-0.004160219154492495
2025-02-21,-0.02075473903159064,-0.017104164272735534
2025-02-24,-0.011804330422968246,-0.004550399360666035
2025-02-25,-0.01259933036586447,-0.004973131459675484
2025-02-26,0.002415583049824477,0.0005048990181018009
2025-02-27,-0.02777120843625469,-0.01596208207351102
2025-02-28,0.015791550159833134,0.01560552188516362
2025-03-03,-0.02188250255564972,-0.017519912848197983
2025-03-04,-0.0030178057224873323,-0.011836837733235739
2025-03-05,0.013036065730156476,0.010747773049082143
2025-03-06,-0.027509446515196267,-0.017751154657069668
2025-03-07,0.007353590595634785,0.0056048948480476035
2025-03-10,-0.038756416294694396,-0.02663552073460429
2025-03-11,-0.0023902437118894504,-0.008312883898723533
2025-03-12,0.011280718564093517,0.005306567271615936
2025-03-13,-0.01799061091761056,-0.013330464770631378
2025-03-14,0.02417058375471237,0.020655618404500586
2025-03-17,0.0064836885976422565,0.007711467404735828
2025-03-18,-0.017047321782215796,-0.010808553307510627
2025-03-19,0.013381238637212745,0.010891045944863231
2025-03-20,-0.003389487947385028,-0.0028917464954911765
2025-03-21,0.0032967908722469907,0.0003297206398957808
2025-03-24,0.021944255465709883,0.0179086231153478
2025-03-25,0.005706646049904229,0.0024038461538462563
2025-03-26,-0.01840072589539654,-0.011938329377862766
2025-03-27,-0.005697965390305315,-0.002655455857438649
2025-03-28,-0.026327817193462666,-0.020138540201747546
2025-03-31,-4.2596365101399414e-05,0.006712831808701525
2025-04-01,0.008060951834697017,0.0028243574234689817
2025-04-02,0.007298527896707485,0.006328527983461951
2025-04-03,-0.05353361472154561,-0.04928094967554508
2025-04-04,-0.062108834718964445,-0.05854287733817165
2025-04-07,0.0024132115242319063,-0.0017812520990850844
2025-04-08,-0.018008477803320266,-0.0156627135192009
2025-04-09,0.12003077382611638,0.10501915085134517
2025-04-10,-0.04253214619402679,-0.04381908281500724
2025-04-11,0.018423093710217886,0.017843086487056237
2025-04-14,0.006778129603053573,0.009701425848366307
2025-04-15,0.0011147606263994803,-0.0028009566779919615
2025-04-16,-0.0301535260986584,-0.022227877495244908
2025-04-17,-0.00017995249005198222,0.0014266007089094312
2025-04-21,-0.024746779059530932,-0.023802586359008893
2025-04-22,0.026252070710428566,0.026017466123201105
2025-04-23,0.022678204336561425,0.015495715803806043
2025-04-24,0.028136940275576894,0.02104880124832187
2025-04-25,0.011147980405025626,0.007225321505299309
2025-04-28,-0.00031741566293153056,0.00038143079932573265
2025-04-29,0.006604485223938639,0.006299262266321826
2025-04-30,-0.00012614741967453824,0.0003969200526225958
2025-05-01,0.013060684370166165,0.007087011956024902
2025-05-02,0.014843867730180316,0.014844221666066248
2025-05-05,-0.005932514418725221,-0.0057344408679302905
2025-05-06,-0.009301636395130708,-0.008358381317041252
2025-05-07,0.003925811050641936,0.0042055333826633845
2025-05-08,0.01032498861656328,0.006967926441200367
2025-05-09,-0.000655414730128201,-0.0012743107302124468
2025-05-12,0.04074020380178256,0.033047474409526156
2025-05-13,0.01524065656415896,0.006603869472230128
2025-05-14,0.005993254786998525,0.0012780844466173669
2025-05-15,0.0010989401638101803,0.004884375826294196
2025-05-16,0.004352347699197789,0.006334114698788307
2025-05-19,0.0009588590990967649,0.0010938206806561102
2025-05-20,-0.00333312924897744,-0.0033621574384226083
2025-05-21,-0.013896838371956877,-0.016850962127172964
2025-05-22,0.0018713291540455312,0.0003947301607376552
2025-05-23,-0.009260787172290508,-0.006825881910519027
2025-05-27,0.02352521872984803,0.020790777473527422
2025-05-28,-0.004432002109342914,-0.005785438328822834
2025-05-29,0.0019658214514861605,0.003947320636030538
2025-05-30,-0.0015771845164029852,-0.0011186545691854732
2025-06-02,0.00789826138557781,0.005633014001473757
2025-06-03,0.007816985003074706,0.005702795538093275
2025-06-04,0.0027878767109954516,-0.00026845053556867615
2025-06-05,-0.007526960585744313,-0.004832782457632745
2025-06-06,0.00977530936231874,0.010269001146580026
2025-06-09,0.001471946436041982,0.000901188259490926
2025-06-10,0.006613849754383727,0.005669725381956647
2025-06-11,-0.0033695302515637238,-0.0028521635422879
2025-06-12,0.0023479557523646832,0.003974445922308334
2025-06-13,-0.012554867295774819,-0.011180176183248514
2025-06-16,0.013910121315544588,0.009514273488879121
2025-06-17,-0.009751387866516747,-0.008545182675272933
2025-06-18,-0.00017006941015884625,-0.00015056814553315867
2025-06-20,-0.004083289627510145,-0.0023485936531058016
2025-06-23,0.010282393968390258,0.009877550026144766
2025-06-24,0.015292076160373202,0.011047197962439359
2025-06-25,0.0025564690541224344,0.0005604505055525344
2025-06-26,0.009350308950453412,0.00782367222564262
2025-06-27,0.0034235866914866797,0.004968425624821915
2025-06-30,0.006477020266003164,0.004781079152404333
2025-07-01,-0.008429354064477534,-0.00032361685086557124
2025-07-02,0.0069652606809811335,0.004533404674952779
2025-07-03,0.009840383704186273,0.007881227797216672
2025-07-07,-0.007533012185005128,-0.007451878130506073
2025-07-08,0.0005616266219470312,-0.0005477996564291487
2025-07-09,0.0070788589128854,0.005996687665528189
2025-07-10,-0.0014382246583953817,0.002820223048327186
2025-07-11,-0.0022503590792759542,-0.0035154388382148127
2025-07-14,0.003626862935266484,0.0019083592723176945
2025-07-15,0.0009169051278583584,-0.004273426416666615
2025-07-16,0.0010238051232602796,0.0033433222651619854
2025-07-17,0.008092831704529235,0.006119571230611909
2025-07-18,-0.0009613285195146926,-0.000732380053927173
2025-07-21,0.005184705757912189,0.001896120400638912
2025-07-22,-0.005175592090085668,0.00014305908133449563
2025-07-23,0.004561405542971908,0.008507649762367953
2025-07-24,0.0021282459561966505,0.00033107130538478913
2025-07-25,0.0024069982888492714,0.004224296491786017
2025-07-28,0.003125096202666766,-0.0002511098453120697
2025-07-29,-0.0015488193075838819,-0.0026375098876267877
2025-07-30,0.0013397457286201675,-0.001259380470896465
2025-07-31,-0.0052990685882869926,-0.003751215554337106
2025-08-01,-0.019698877473008247,-0.01639030421239296
2025-08-04,0.018451824632404357,0.01519969400008514
2025-08-05,-0.006789690675423232,-0.005070067634880604
2025-08-06,0.012583229636434767,0.007659766552083447
2025-08-07,0.0033844508965141795,-0.0008375655634337287
2025-08-08,0.00932801916293724,0.007797445098702616
2025-08-11,-0.0029587901123624416,-0.001977460235009665
2025-08-12,0.012568716833862625,0.010645956381075239
2025-08-13,0.000500098326210674,0.003423258482342151
2025-08-14,-0.000775320334032048,9.286081631376675e-05
2025-08-15,-0.004397420242234995,-0.0023411606389956985
2025-08-18,-0.00039855372212804774,-0.00021758017007211805
2025-08-19,-0.013567505729100482,-0.005425108869057227
2025-08-20,-0.0059373111394762645,-0.002657103671908412
2025-08-21,-0.004629807930667029,-0.004011786002919404
2025-08-22,0.01542749116211084,0.015356711639223919
2025-08-25,-0.0028847644166305475,-0.004401019998962696
2025-08-26,0.004015218647493546,0.004187062906761296
2025-08-27,0.00153672859612497,0.002278453022356741
2025-08-28,0.006259949777809082,0.003541507690918211
2025-08-29,-0.01157539576787292,-0.005963861423187056
2025-09-02,-0.008380189816788564,-0.007410239855265122
2025-09-03,0.007867602421291586,0.005419573443143255
2025-09-04,0.009051342381911631,0.008357508586952056
2025-09-05,0.0014428529789487499,-0.002896333007960439
2025-09-08,0.004878105966546364,0.002456751876376062
2025-09-09,0.0028331976868618547,0.0023117135752077633
2025-09-10,0.0003272122573245717,0.002890849205147372
2025-09-11,0.005820548847466744,0.008310153402529386
2025-09-12,0.004417169402083365,-0.00033452068106376576
2025-09-15,0.00855699397089249,0.005324008789658441
2025-09-16,-0.0008451293468130228,-0.001376934061145807
2025-09-17,-0.001995963832969183,-0.0012423553760646522
2025-09-18,0.009017073815117405,0.004672464341558991
2025-09-19,0.006769298419933234,0.00495274300916293
2025-09-22,0.0059200963686592,0.004731178557790816
2025-09-23,-0.00664235988597095,-0.005443665189056368
2025-09-24,-0.0035105829529757937,-0.003181658436320456
2025-09-25,-0.004311257815562852,-0.004613352686594796
2025-09-26,0.004110892537597222,0.005729103921045642
2025-09-29,0.004631067768362973,0.002810340950996748
2025-09-30,0.0027392231872349626,0.0037668930601342243
2025-10-01,0.004797015707736829,0.0034076065490575846
2025-10-02,0.004110932665624789,0.0011516391661055003
2025-10-03,-0.004209714080001925,-1.4657797132167083e-05
2025-10-06,0.007510254125414173,0.0035861425551588777
2025-10-07,-0.005265708175389294,-0.0037074427188158454
2025-10-08,0.011463714552300441,0.005963018112918661
2025-10-09,-0.0012100110891775095,-0.002897019428214409
2025-10-10,-0.03471431334207187,-0.027027784753554496
2025-10-13,0.02122133928126546,0.015343957982341339
2025-10-14,-0.006661162045494384,-0.0012216094893441332
2025-10-15,0.007056842359143056,0.0044395615943406685
2025-10-16,-0.0037029196398723485,-0.0068100728420416035
2025-10-17,0.006566768844340265,0.00567610580032607
2025-10-20,0.01260078296067979,0.010400606174286287
2025-10-21,-0.00026151618823311296,-1.4979984718554995e-05
2025-10-22,-0.009633996208226914,-0.005198867790280337
2025-10-23,0.008406459215177797,0.00592981410424942
2025-10-24,0.010678359659976433,0.00817264523644412
2025-10-27,0.01780909691110777,0.011797628449856656
2025-10-28,0.007689917951688052,0.0026559492362570047
2025-10-29,0.004502935977040101,0.00048057582897542694
2025-10-30,-0.015288478436288222,-0.010998212886887737
2025-10-31,0.004823769851511894,0.0032801092613514715
2025-11-03,0.00478501595070302,0.0018767872737739388
2025-11-04,-0.020298190582085818,-0.011853550232820531
2025-11-05,0.006507898720820027,0.0034654021681033154
2025-11-06,-0.018627295009879363,-0.010729329446956037
2025-11-07,-0.003155272110514473,0.0009844328728789709
2025-11-10,0.02212413010178449,0.015604411063610213
2025-11-11,-0.0026634204600163303,0.002289339069340812
2025-11-12,-0.0007882655572938324,0.0005564170284204639
2025-11-13,-0.020416090222653893,-0.016594034139048364
2025-11-14,0.0007561425240969477,-0.000163772180045485
2025-11-17,-0.008540613513343676,-0.00931643571527141
2025-11-18,-0.01217580497095061,-0.008397461039591714
2025-11-19,0.00597012438898914,0.003863236168279771
2025-11-20,-0.02367181650792427,-0.015242367922847166
2025-11-21,0.007512818636204566,0.00996119766575232
2025-11-24,0.02557309454844159,0.014718553120582678
2025-11-25,0.006163809093776784,0.009405944613086525
2025-11-26,0.008835779721254156,0.006903542517632921
2025-11-28,0.008107008640694247,0.005458373086222323
2025-12-01,-0.00335886755293735,-0.0045654326011898005
2025-12-02,0.007826080476529995,0.0018522512234526722
2025-12-03,0.0024437085374522383,0.003462748187155862
2025-12-04,-0.000930273544088478,0.000731151162097321
2025-12-05,0.004077563282360641,0.0018994238357272764
2025-12-08,-0.0019185406972982433,-0.0030041113200985903
2025-12-09,0.0012334521011070354,-0.000863185659548793
2025-12-10,0.00409558470343363,0.006632175045054867
2025-12-11,-0.0032343971092777535,0.0023269817636015766
2025-12-12,-0.019118427936246296,-0.010752008599530072
2025-12-15,-0.005019320877670652,-0.001510940359255808
2025-12-16,0.001981959776852893,-0.0027322728752857683
2025-12-17,-0.018537114927365983,-0.011003655162279413
2025-12-18,0.014490078911355564,0.007551361294136916
2025-12-19,0.013035454491181708,0.009063486264369258
2025-12-22,0.004793555616773082,0.006229818660208997
2025-12-23,0.004683254962587702,0.004570524308344925
2025-12-24,0.002925560348468359,0.0035176469336466454
2025-12-26,-6.399829128489465e-05,-0.00010148328648673655
2025-12-29,-0.004840720439142743,-0.003563592192175946
2025-12-30,-0.0023192392595361433,-0.0012212056239845337
2025-12-31,-0.008265726874685742,-0.0074088956888227475
2026-01-02,-0.0019371542923305451,0.0018330346379591411
2026-01-05,0.00794295464447936,0.006660178462529753
2026-01-06,0.008786534957006875,0.005947257666825578
2026-01-07,0.0009626262495279203,-0.0032235029947706995
2026-01-08,-0.00568913706346974,-0.00010151182144413351
2026-01-09,0.009960345563613693,0.006613390447410161
2026-01-12,0.0008297347213976902,0.0015704331745678424
2026-01-13,-0.0014828122674713784,-0.0019994282038833244
2026-01-14,-0.010682812199433789,-0.004915399780203944
2026-01-15,0.0035994548970399443,0.002723377547714678
2026-01-16,-0.0008363319707028749,-0.0008379420888714462
2026-01-20,-0.02124716684726291,-0.020356746879827692
2026-01-21,0.013518466424559117,0.01154108059120329
2026-01-22,0.007269304425451262,0.005223125056595945
2026-01-23,0.003157455136937104,0.0003629217369318649
2026-01-26,0.004400072187147552,0.005078079295646409
2026-01-27,0.009065330559677509,0.0039842915730679
2026-01-28,0.0033113909811974818,-0.00010073765791229761
2026-01-29,-0.0059851276594469205,-0.0019843514508082194
2026-01-30,-0.012010999866797434,-0.0029825340247910948
2026-02-02,0.006866463760822672,0.004971300173138626
2026-02-03,-0.015363965344589059,-0.008455418456572827
2026-02-04,-0.017469043474581114,-0.00484383887388995
2026-02-05,-0.014395321285518126,-0.012489370624430896
2026-02-06,0.021137936669279433,0.019184951600759614
2026-02-09,0.007660174895975258,0.004821764563112119
2026-02-10,-0.00463928455963436,-0.0026371350560441265
2026-02-11,0.0026820051158211733,-0.00023116280847257364
2026-02-12,-0.02033892582622543,-0.015448908452140975
2026-02-13,0.002131025653470342,0.0007046233276368774
2026-02-17,-0.001030077782878669,0.0016134293041962788
2026-02-18,0.007467209057409274,0.00503778587126491
2026-02-19,-0.0038297237800856143,-0.002637439777890771
2026-02-20,0.008848966575272899,0.007231744186485312
2026-02-23,-0.012155050937099343,-0.010211295817177612
2026-02-24,0.010741486606593798,0.007268496179203332
2026-02-25,0.014493219410373515,0.00843831937730477
2026-02-26,-0.012064483343630195,-0.0055543945075478
2026-02-27,-0.0032007731474020806,-0.004801996079766391
2026-03-02,0.0013172559930003658,0.0005685897092166936
2026-03-03,-0.010705570377263718,-0.0088144503358204
2026-03-04,0.015243260269211634,0.007055426699429379
2026-03-05,-0.0030127655222101923,-0.005575600235334877
2026-03-06,-0.015043369286659725,-0.013107084633170007
2026-03-09,0.01335562691981207,0.008759940630667318
2026-03-10,1.6526024154916996e-05,-0.0016071064194473905
2026-03-11,-0.00013160140775214657,-0.0012550721328115078
2026-03-12,-0.01716334428476407,-0.015184929448649576
2026-03-13,-0.005927220208166384,-0.005660153274538393
2026-03-16,0.011217504869518224,0.010176873245252516
2026-03-17,0.004880223770939329,0.0026305491982852036
2026-03-18,-0.013939789958076654,-0.013953630828001051
2026-03-19,-0.00316015663966962,-0.0024643625774001254
2026-03-20,-0.01848165384048972,-0.014335866992629342
2026-03-23,0.011478937044348214,0.010500055284356824
2026-03-24,-0.0068368493321682156,-0.0033568197458091475
2026-03-25,0.006575664604969944,0.005572814791767078
2026-03-26,-0.02386793610202098,-0.017858712243157604
2026-03-27,-0.019536759877538112,-0.01705191879256185
2026-03-30,-0.007643182879722654,-0.003343469515220132
2026-03-31,0.03385378976432163,0.02906792539862124
2026-04-01,0.012353248936580297,0.00753442967227369
2026-04-02,0.0011465661844940467,0.0009005422726844348
2026-04-06,0.006017362300125839,0.004726703240241825
2026-04-07,0.0001529927014582988,0.0004400691374961685
2026-04-08,0.029732056399946583,0.0254696046172882
2026-04-09,0.006764589558553746,0.005769096571727417
2026-04-10,0.0014421636444248431,-0.0006617946789001516
2026-04-13,0.010342659981562141,0.009772337225445238
2026-04-14,0.018156875523408278,0.012184915010662545
2026-04-15,0.013999461125057566,0.00789104262604634
2026-04-16,0.0048164068171479,0.0024573146961406334
2026-04-17,0.013084099653997816,0.012085709684531931
2026-04-20,-0.0031748578483062895,-0.0019997769579219726
2026-04-21,-0.003803257976491281,-0.006546877598048839
2026-04-22,0.01673046242606646,0.010126679110719516
2026-04-23,-0.0056326671539821405,-0.0038807172806204493
2026-04-24,0.019127514037256654,0.0077492429694283604
2026-04-27,0.0005271905772745722,0.0017229416659827468
2026-04-28,-0.01005674119631117,-0.004865980739709008
2026-04-29,0.006113613321933942,-0.0001546344034137892
2026-04-30,0.009326281061176722,0.009949685183250345
2026-05-01,0.009599640629495587,0.00276905737155686
2026-05-04,-0.0018839258859709718,-0.0036633809509297732
2026-05-05,0.012974028218234235,0.008022242913074518
2026-05-06,0.020774385215872604,0.013899418730159985
2026-05-07,-0.0011929535040877681,-0.0030660889376450395
2026-05-08,0.023440885181338134,0.008256054754597786
2026-05-11,0.002896399723285814,0.0022775635209937306
2026-05-12,-0.008481881888388387,-0.0015148976832113359
2026-05-13,0.010562283683906104,0.005594852718878274
2026-05-14,0.0071077082416364235,0.007894249484761584
2026-05-15,-0.01508774216760933,-0.012029288059682064
2026-05-18,-0.004302225286858863,-0.0007035134425675826
2026-05-19,-0.006162428965955091,-0.006660884222331576
2026-05-20,0.016563696127924077,0.010249029332388027
2026-05-21,0.0019070655685766713,0.0019831294549137457
2026-05-22,0.004240633637315083,0.003931565762728351
2026-05-26,0.01775510896470789,0.006638589859918387
2026-05-27,-0.0011365795004276702,-0.000173263723814987
2026-05-28,0.008431075515342279,0.005516626676954184
2026-05-29,0.0036840064561787234,0.002491413132097442
2026-06-01,0.0060001918709355895,0.0027230637662387647
2026-06-02,0.004604530661185269,0.0013579961566574372
2026-06-03,-0.0026132570557489965,-0.00701716271996522
2026-06-04,-0.004837399690344579,0.003778634283035931
2026-06-05,-0.04800103929422472,-0.025809369612244448
2026-06-08,0.015615844872174156,0.002264222440912178
2026-06-09,-0.011507289561625167,-0.002935437064612745
2026-06-10,-0.01997658546297376,-0.015765592933211114
2026-06-11,0.033775932065986725,0.016996857394830034
2026-06-12,0.005884675943221618,0.005408207317551872
2026-06-15,0.03141368315380433,0.017634009390668393
2026-06-16,-0.019005412853389303,-0.005961575485861181
2026-06-17,-0.010070341710618935,-0.01248789492983049
2026-06-18,0.02506539581068923,0.010396979807429707
2026-06-22,-0.0025101621760993398,-0.0031469282666526377
2026-06-23,-0.03292899719133657,-0.014522012225013592
2026-06-24,-0.004245791899862628,-0.0004635003677893046
2026-06-25,0.008105545686541538,0.0014456368287247834
2026-06-26,-0.013763553147168484,-0.007231332133985857
2026-06-29,0.024854164910073306,0.01647481275894025
2026-06-30,0.017014713891123634,0.007786815227913024
2026-07-01,-0.015249963514154086,-0.0013525036475483532
2026-07-02,-0.01733382526666305,-0.0013140507435593918
2026-07-06,0.014341917254311332,0.008727392224116226
2026-07-07,-0.018524717261255708,-0.004751890339538711
2026-07-08,0.002833298395807704,-0.0030894091522385425
2026-07-09,0.016642333885830585,0.008465256756416295
2026-07-10,0.003083152100227471,0.004310118179872147
2026-07-13,-0.01897984931090735,-0.007656140611366324
2026-07-14,0.011169877197279243,0.0035506379166867497
2026-07-15,-0.0027095386610569427,0.003963630921285599
2026-07-16,-0.016440498089291156,-0.005418616825605738
2026-07-17,-0.015029581322824392,-0.009897199757215702
2026-07-20,0.0010498726409937653,-0.0016143534967409945
2026-07-21,0.01854722842715173,0.008341327043244195
2026-07-22,-0.005106055642898566,-0.001162766737217713
2026-07-23,-0.01898336374339682,-0.012349253784127878
2026-07-24,-0.011171210722356162,0.0010159657563921787
2026-07-27,-0.0030837356474000543,0.00021661654234961247
2026-07-28,-0.009719710851298968,0.0023947666975516757
2026-07-29,-0.02037047288151972,-0.015387445003102407
2026-07-30,0.03297419933967949,0.01676574369337569
2026-07-31,0.006495569881900698,0.007199869193782904
2026-08-03,0.017558420982753953,0.014242990614400597
2026-08-04,0.03396794626081601,0.01802895214665101
2026-08-05,-0.009048794851582387,-0.0019965624761277834
2026-08-06,-0.0036943750473806825,-0.0015978064697251826
2026-08-07,0.011726019049234537,0.0061153280785064545
2026-08-10,-0.0029874614166396363,-0.0002974431285415191
2026-08-11,-0.0033570539834080204,-0.003195199981383512
2026-08-12,0.007307443460370822,0.0025046088948632583
2026-08-13,0.011565537129121894,0.006977515074108265
2026-08-14,-0.0013659941160515388,-0.0019797506799419384
2026-08-17,-0.0016414852746460262,-0.004727362317670902
2026-08-18,-0.01693448594486635,-0.00675574496080833
2026-08-19,-0.0019930264086855942,0.0020977847370853286
2026-08-20,-0.0071919537489711916,-0.008399827926766523
2026-08-21,0.003530669955839505,0.004091229991858514
2026-08-24,-0.009979845564302758,-0.0029384361156037375
2026-08-25,0.006229422572993526,0.003195939766817757
2026-08-26,0.0009146072815255923,0.00022200767959623668
2026-08-27,0.013691886096947492,0.006552844629756693
2026-08-28,-0.006489968792703249,-0.0022694869107554583
2026-08-31,0.00046060937059055895,-0.002989548034258882
2026-09-01,-0.01272396313002655,-0.006870413937474118
2026-09-02,0.0022610270072151994,0.004436916429827686
2026-09-03,0.01188593267524074,0.010468417941536634
2026-09-04,0.0017975381542669755,-0.0038542322600894074
2026-09-08,-0.0008345245704174387,-0.005492178930014524
2026-09-09,-0.002853702094152255,-0.004647717444469568
2026-09-10,-0.010637841445189311,-0.005994275703456675
2026-09-11,0.008734391341528314,0.008524301461116268
2026-09-14,-0.007973401255785939,-0.004461653484890693
2026-09-15,-0.006542800059618603,-0.004586752409134642
2026-09-16,0.00025548151370968775,-0.0044098804847823025
2026-09-17,0.01731186438003518,0.011338753705953053
2026-09-18,0.006318759752816483,0.0012869590529585029
2026-09-21,0.02882053954743813,0.015504992215651825
2026-09-22,0.008078616135797079,-0.00015513266604716414
