SPY_Weight,QQQ_Weight,Annual_Return,Annual_Volatility,Sharpe_Ratio,Max_Drawdown,VaR_95_Daily,CVaR_95_Daily
0.0,1.0,0.156986710063155,0.23028567344156914,0.5080068955867473,-0.3511873935171248,-0.023061757661612003,-0.03253948233130067
0.01,0.99,0.15679299444832884,0.2296176189600936,0.5086412574839341,-0.3499057818740676,-0.0229533555590258,-0.03245182368010572
0.02,0.98,0.15659845993132593,0.22895082880830095,0.5092729322633422,-0.3486223036491569,-0.022818955763130772,-0.03236416502891076
0.03,0.97,0.15640310695125859,0.2282853140649932,0.5099018630612323,-0.34745608078418755,-0.022676560288587538,-0.032276506377715806
0.04,0.96,0.15620693594890533,0.227621085917225,0.5105279920822637,-0.34641784110998886,-0.02256730966743983,-0.032188847726520836
0.05,0.95,0.15600994736671003,0.22695815566125904,0.51115126058681,-0.3453785665968414,-0.022492534238210186,-0.03210118907532589
0.06,0.94,0.15581214164877832,0.22629653470352426,0.5117716088781747,-0.34433825753987835,-0.022420642901019687,-0.03201353042413092
0.07,0.9299999999999999,0.15561351924087874,0.22563623456157453,0.5123889762897484,-0.34329691423758046,-0.02234875156382919,-0.03192587177293597
0.08,0.92,0.15541408059044648,0.2249772668650499,0.5130033011720971,-0.3422545369917712,-0.0222768602266387,-0.03183821312174101
0.09,0.91,0.15521382614656853,0.22431964335663815,0.5136145208798946,-0.3412111261076368,-0.022201274906331673,-0.03175084764380927
0.1,0.9,0.15501275635999012,0.22366337589303764,0.5142225717588765,-0.34016668189371957,-0.02211677210155237,-0.031664189902740406
0.11,0.89,0.1548108716831169,0.22300847644592045,0.514827389132711,-0.33912120466192097,-0.02203226929677307,-0.031577532161671536
0.12,0.88,0.15460817257000437,0.22235495710289555,0.5154289072897486,-0.33807469472751583,-0.021947766491993773,-0.03149087442060268
0.13,0.87,0.15440465947636262,0.22170283006847216,0.5160270594697827,-0.3370271524091474,-0.02186326368721447,-0.031404216679533824
0.14,0.86,0.15420033285955337,0.22105210766502237,0.5166217778507233,-0.33597857802883213,-0.02177876088243517,-0.03131755893846496
0.15,0.85,0.15399519317858412,0.22040280233374282,0.5172129935352092,-0.3349289719119679,-0.021694258077655872,-0.0312309011973961
0.16,0.84,0.1537892408941126,0.21975492663561524,0.5178006365372243,-0.3338783343873425,-0.02160975527287657,-0.031144243456327225
0.17,0.83,0.15358247646844458,0.21910849325236537,0.5183846357686475,-0.3328266657871227,-0.021525252468097274,-0.031057585715258372
0.18,0.8200000000000001,0.15337490036552603,0.21846351498741962,0.5189649190257458,-0.3317739664468762,-0.021440749663317972,-0.030970927974189506
0.19,0.81,0.15316651305094897,0.2178200047668594,0.5195414129757052,-0.33072023670555706,-0.02135100253790461,-0.03088427023312065
0.2,0.8,0.1529573149919432,0.21717797564037256,0.5201140431430785,-0.3296654769055327,-0.021290405373713815,-0.030797612492051783
0.21,0.79,0.15274730665737946,0.21653744078220127,0.5206827338962756,-0.328609687392568,-0.02124099370177059,-0.030710954750982917
0.22,0.78,0.1525364885177658,0.21589841349208627,0.5212474084340171,-0.32755286851583776,-0.02119158202982737,-0.03062429700991405
0.23,0.77,0.15232486104524634,0.2152609071962066,0.5218079887718031,-0.3264950206279298,-0.021142170357884144,-0.030537639268845194
0.24,0.76,0.15211242471359965,0.2146249354481146,0.5223643957283925,-0.3254361440848531,-0.021092758685940922,-0.030450981527776325
0.25,0.75,0.1518991799982372,0.21399051192966545,0.5229165489123009,-0.324376239246034,-0.0210433470139977,-0.030364323786707472
0.26,0.74,0.15168512737619588,0.21335765045194113,0.5234643667082984,-0.3233153064743288,-0.020983074185216836,-0.03027852804221302
0.27,0.73,0.1514702673261512,0.21272636495616754,0.5240077662640442,-0.32225334613601997,-0.020913408777139177,-0.03019347774051991
0.28,0.72,0.15125460032839877,0.21209666951462466,0.5245466634766155,-0.32119035860082557,-0.020837978962997536,-0.030108427438826794
0.29,0.71,0.1510381268648624,0.2114685783315496,0.5250809729792196,-0.3201263442419021,-0.020704290810562367,-0.03002337713713368
0.3,0.7,0.15082084741908708,0.21084210574403064,0.5256106081279006,-0.31906130343584804,-0.020602441834082448,-0.02993832683544057
0.31,0.69,0.15060276247624693,0.2102172662228932,0.5261354809883928,-0.3179952365627079,-0.020497972934245885,-0.029854126449411305
0.32,0.6799999999999999,0.15038387252312702,0.20959407437357566,0.5266555023229393,-0.31692814400597746,-0.020379145939075197,-0.029771065594757777
0.33,0.6699999999999999,0.15016417804813775,0.20897254493699563,0.5271705815773636,-0.31586002615260467,-0.020291224206345767,-0.02968800474010424
0.34,0.6599999999999999,0.14994367954130317,0.2083526927904048,0.5276806268681273,-0.31479088339299854,-0.020217163886467954,-0.029604943885450714
0.35,0.65,0.14972237749426398,0.20773453294823283,0.5281855449695821,-0.31372071612103203,-0.02021978343536527,-0.029521883030797183
0.36,0.64,0.14950027240027586,0.2071180805629183,0.5286852413013352,-0.3126495247340393,-0.020222402984262578,-0.02943882217614365
0.37,0.63,0.1492773647542005,0.20650335092572727,0.5291796199157277,-0.31157730963283103,-0.02022502253315989,-0.029355761321490113
0.38,0.62,0.14905365505251633,0.20589035946755763,0.5296685834855712,-0.3105040712216883,-0.020226667543644154,-0.029272777811155084
0.39,0.61,0.1488291437933038,0.20527912175972884,0.5301520332919392,-0.3094298099083709,-0.02021387194388419,-0.02919094038099816
0.4,0.6,0.14860383147625456,0.20466965351475666,0.5306298692122632,-0.3083545261041284,-0.02016138174932476,-0.029109102950841237
0.41,0.5900000000000001,0.14837771860266247,0.204061970587111,0.5311019897085509,-0.30727822022368556,-0.020094963822768718,-0.029027265520684315
0.42,0.5800000000000001,0.14815080567542216,0.2034560889739574,0.53156829181586,-0.3062008926852686,-0.020017711405059018,-0.028946287970777675
0.43,0.5700000000000001,0.14792309319903274,0.20285202481587958,0.5320286711310379,-0.30512254391058913,-0.01993989746376221,-0.028865354986235107
0.44,0.56,0.14769458167958982,0.20224979439758412,0.5324830218016589,-0.3040431743248657,-0.01986204194091316,-0.02878442200169252
0.45,0.55,0.14746527162478817,0.2016494141485845,0.5329312365152861,-0.30296278435681323,-0.019766773824691303,-0.028703489017149954
0.46,0.54,0.14723516354391597,0.20105090064386458,0.5333732064889829,-0.3018813744386566,-0.019665614584307513,-0.028622556032607376
0.47,0.53,0.147004257947855,0.20045427060452048,0.5338088214591619,-0.300798945006132,-0.019564455343923724,-0.02854162304806479
0.48,0.52,0.14677255534908396,0.1998595408983795,0.534237969671778,-0.29971549649848317,-0.019463296103539935,-0.028460690063522212
0.49,0.51,0.14654005626166522,0.19926672854059502,0.5346605378727872,-0.2986310293584824,-0.019362136863156146,-0.028379757078979634
0.5,0.5,0.1463067612012514,0.19867585069421706,0.5350764112990695,-0.29754554403241373,-0.019260977622772357,-0.028298824094437063
0.51,0.49,0.14607267068508167,0.19808692467073621,0.5354854736696915,-0.29645904097009657,-0.019159818382388567,-0.028217891109894488
0.52,0.48,0.1458377852319812,0.19749996793060118,0.5358876071775929,-0.2953715206248748,-0.019058659142004778,-0.02813695812535191
0.53,0.47,0.14560210536235396,0.19691499808370752,0.536282692481672,-0.294282983453627,-0.018957499901620992,-0.028056025140809328
0.54,0.45999999999999996,0.14536563159818816,0.19633203288985737,0.5366706086993887,-0.29319342991677133,-0.01885244001627033,-0.027975092156266753
0.55,0.44999999999999996,0.14512836446305122,0.19575109025918863,0.5370512333997918,-0.29210286047826417,-0.018782381598724848,-0.027894159171724175
0.56,0.43999999999999995,0.1448903044820855,0.19517218825257213,0.5374244425970521,-0.29101127560560913,-0.018715528448141047,-0.027813226187181597
0.57,0.43000000000000005,0.14465145218200726,0.1945953450819761,0.5377901107445366,-0.28991867576986297,-0.018627183892636796,-0.027733294636031323
0.58,0.42000000000000004,0.14441180809110987,0.19402057911079623,0.5381481107294556,-0.28882506144563,-0.018518963681674005,-0.02765356591351237
0.59,0.41000000000000003,0.1441713727392555,0.19344790885415014,0.5384983138680264,-0.28773043311107394,-0.018410743470711217,-0.027573837190993416
0.6,0.4,0.1439301466578773,0.19287735297913514,0.538840589901294,-0.28663479124791713,-0.018302523259748425,-0.027494108468474457
0.61,0.39,0.14368813037997508,0.19230893030504764,0.5391748069915477,-0.28553813634144964,-0.018194303048785634,-0.0274143797459555
0.62,0.38,0.14344532444011482,0.1917426598035631,0.5395008317194133,-0.2844404688805293,-0.018086082837822842,-0.02733465102343654
0.63,0.37,0.14320172937442543,0.19117856059887475,0.5398185290816174,-0.28334178935758403,-0.018036222604785258,-0.02725492230091759
0.64,0.36,0.14295734572059904,0.1906166519677906,0.5401277624894819,-0.28224209826861857,-0.01798060970085434,-0.027176896376524925
0.65,0.35,0.1427121740178896,0.19005695333978564,0.5404283937681553,-0.28114139611321687,-0.01792566941070624,-0.027099543125092752
0.66,0.33999999999999997,0.1424662148071032,0.18949948429700958,0.540720283156571,-0.28003968339454866,-0.017894825829066055,-0.02702266320672804
0.67,0.32999999999999996,0.14221946863060864,0.18894426457424726,0.5410032893083168,-0.27893696061936746,-0.01787639880038314,-0.026946122125195926
0.68,0.31999999999999995,0.14197193603232572,0.1883913140588313,0.5412772692932205,-0.27783322829801926,-0.017880574435930063,-0.026870554916545473
0.69,0.31000000000000005,0.14172361755772678,0.18784065279050416,0.5415420785998736,-0.2767284869444476,-0.017835530511031122,-0.026794987707895013
0.7,0.30000000000000004,0.14147451375383757,0.18729230096122934,0.5417975711390476,-0.2756227370761871,-0.01778166994624407,-0.02671983587416019
0.71,0.29000000000000004,0.14122462516922552,0.18674627891494963,0.542043599247975,-0.27452079617300906,-0.017730467324858366,-0.026645212254001807
0.72,0.28,0.1409739523540121,0.18620260714729023,0.5422800136957242,-0.27348801453552496,-0.017697595624016828,-0.02657058863384343
0.73,0.27,0.14072249585985808,0.18566130630520586,0.5425066636894273,-0.2724544424025549,-0.017687405006974743,-0.026495965013685056
0.74,0.26,0.14047025623997156,0.18512239718657045,0.5427233968816609,-0.2714200805638144,-0.017684699368226277,-0.026421341393526674
0.75,0.25,0.14021723404909503,0.18458590073970618,0.5429300593787841,-0.2703849298123293,-0.017679038840920515,-0.026346952288333173
0.76,0.24,0.13996342984351906,0.18405183806285244,0.5431264957505191,-0.26934899094443465,-0.01766895227813828,-0.026272914455796516
0.77,0.22999999999999998,0.13970884418105944,0.1835202304035708,0.5433125490404755,-0.2683122647597843,-0.017565400600729142,-0.026200075287100104
0.78,0.21999999999999997,0.13945347762107496,0.18299109915808595,0.5434880607780662,-0.26727475206134,-0.01748135763637458,-0.02612977485775279
0.79,0.20999999999999996,0.1391973307244576,0.1824644658705597,0.543652870991485,-0.2662364536553853,-0.017454365505175873,-0.0260600792304564
0.8,0.19999999999999996,0.13894040405362396,0.18194035223229701,0.5438068182219371,-0.265197370351521,-0.017429584228471254,-0.02599038360316
0.81,0.18999999999999995,0.13868269817252332,0.18141878008088203,0.5439497395392449,-0.2641575029626687,-0.017401750316442983,-0.025920687975863606
0.82,0.18000000000000005,0.1384242136466347,0.18089977139924204,0.5440814705587135,-0.2631168523050713,-0.017368878615601446,-0.02585099234856721
0.83,0.17000000000000004,0.13816495104295523,0.18038334831463826,0.5442018454593076,-0.2620940948238535,-0.017336006914759908,-0.025781296721270806
0.84,0.16000000000000003,0.13790491093001012,0.17986953309758058,0.5443106970033438,-0.2610917973097999,-0.01730313521391837,-0.025711601093974412
0.85,0.15000000000000002,0.13764409387784493,0.17935834816066587,0.5444078565575167,-0.2600888261208284,-0.01721362951893833,-0.025641905466678015
0.86,0.14,0.13738250045802136,0.17884981605733655,0.5444931541154171,-0.25908518219024923,-0.01711104286848054,-0.025572688123039627
0.87,0.13,0.13712013124362143,0.17834395948055837,0.5445664183216067,-0.25808086645449824,-0.016985312734348182,-0.025505307563819843
0.88,0.12,0.13685698680923752,0.17784080126141597,0.5446274764971577,-0.2570758798531251,-0.016893472149832486,-0.02543792700460007
0.89,0.10999999999999999,0.13659306773098057,0.1773403643676231,0.5446761546668812,-0.256070223328806,-0.016858332485934373,-0.025370546445380296
0.9,0.09999999999999998,0.13632837458646652,0.17684267190194697,0.5447122775880541,-0.25506389782734185,-0.01682319282203626,-0.02530316588616052
0.91,0.08999999999999997,0.136062907954823,0.17634774710054413,0.5447356687809175,-0.2540569042976586,-0.01681684078822688,-0.025235785326940745
0.92,0.07999999999999996,0.13579666841668647,0.17585561333120633,0.5447461505608189,-0.2530492436918015,-0.016822242745877056,-0.025168404767720972
0.93,0.06999999999999995,0.13552965655419347,0.1753662940915143,0.5447435440720532,-0.252040916964951,-0.016795241536386465,-0.025101282963163232
0.94,0.06000000000000005,0.13526187295098469,0.17487981300689825,0.5447276693235429,-0.25103192507540883,-0.016718219375023043,-0.02503654294776026
0.95,0.050000000000000044,0.13499331819220228,0.1743961938286022,0.5446983452262861,-0.2500222689846052,-0.016714440924804737,-0.02497384529209442
0.96,0.040000000000000036,0.13472399286448922,0.17391546043155146,0.5446553896326548,-0.24901194965709883,-0.016734058232038607,-0.02491114763642858
0.97,0.030000000000000027,0.13445389755597903,0.17343763681212088,0.54459861937751,-0.24800096806058203,-0.016703383976635327,-0.02484944197549019
0.98,0.020000000000000018,0.13418303285630495,0.17296274708580234,0.5445278503213364,-0.24698932516587102,-0.01663044782656885,-0.02478873830575724
0.99,0.010000000000000009,0.13391139935659013,0.17249081548476944,0.5444428973952082,-0.24597702194691728,-0.01658069358997715,-0.024728034636024295
1.0,0.0,0.1336389976494463,0.1720218663553381,0.5443435746477735,-0.24496405938080468,-0.016554626684474227,-0.02466733096629136
