Date,Ticker,Adjusted_Close
2021-09-23,QQQ,361.9972229003906
2021-09-24,QQQ,362.3368835449219
2021-09-27,QQQ,359.4446716308594
2021-09-28,QQQ,349.2732849121094
2021-09-29,QQQ,348.7005920410156
2021-09-30,QQQ,347.4194641113281
2021-10-01,QQQ,349.5740966796875
2021-10-04,QQQ,342.23675537109375
2021-10-05,QQQ,346.8565673828125
2021-10-06,QQQ,349.07916259765625
2021-10-07,QQQ,352.2820129394531
2021-10-08,QQQ,350.5252685546875
2021-10-11,QQQ,347.8369140625
2021-10-12,QQQ,346.6236572265625
2021-10-13,QQQ,349.3994140625
2021-10-14,QQQ,355.8342590332031
2021-10-15,QQQ,358.0762023925781
2021-10-18,QQQ,361.6768798828125
2021-10-19,QQQ,364.41387939453125
2021-10-20,QQQ,363.93829345703125
2021-10-21,QQQ,366.1608581542969
2021-10-22,QQQ,363.0841979980469
2021-10-25,QQQ,366.8014221191406
2021-10-26,QQQ,367.9563903808594
2021-10-27,QQQ,368.8105163574219
2021-10-28,QQQ,372.90618896484375
2021-10-29,QQQ,374.74053955078125
2021-11-01,QQQ,376.0216979980469
2021-11-02,QQQ,377.593994140625
2021-11-03,QQQ,381.6023864746094
2021-11-04,QQQ,386.49395751953125
2021-11-05,QQQ,386.86285400390625
2021-11-08,QQQ,386.3386535644531
2021-11-09,QQQ,383.6793518066406
2021-11-10,QQQ,378.04052734375
2021-11-11,QQQ,379.08868408203125
2021-11-12,QQQ,383.07763671875
2021-11-15,QQQ,382.9903259277344
2021-11-16,QQQ,385.7175598144531
2021-11-17,QQQ,385.9212951660156
2021-11-18,QQQ,389.9200439453125
2021-11-19,QQQ,392.0941162109375
2021-11-22,QQQ,387.5421142578125
2021-11-23,QQQ,385.77569580078125
2021-11-24,QQQ,387.0180358886719
2021-11-26,QQQ,379.6807556152344
2021-11-29,QQQ,387.9207458496094
2021-11-30,QQQ,382.22357177734375
2021-12-01,QQQ,375.7208251953125
2021-12-02,QQQ,378.4287109375
2021-12-03,QQQ,371.8483581542969
2021-12-06,QQQ,374.8279113769531
2021-12-07,QQQ,386.1155090332031
2021-12-08,QQQ,387.84307861328125
2021-12-09,QQQ,382.1361389160156
2021-12-10,QQQ,386.2901611328125
2021-12-13,QQQ,380.70953369140625
2021-12-14,QQQ,376.76898193359375
2021-12-15,QQQ,385.3584289550781
2021-12-16,QQQ,375.4491882324219
2021-12-17,QQQ,373.5758361816406
2021-12-20,QQQ,369.9521179199219
2021-12-21,QQQ,378.23187255859375
2021-12-22,QQQ,382.8381042480469
2021-12-23,QQQ,385.7243347167969
2021-12-27,QQQ,392.09930419921875
2021-12-28,QQQ,390.2820129394531
2021-12-29,QQQ,390.2236633300781
2021-12-30,QQQ,389.0575866699219
2021-12-31,QQQ,386.6280822753906
2022-01-03,QQQ,390.3500671386719
2022-01-04,QQQ,385.28704833984375
2022-01-05,QQQ,373.4505310058594
2022-01-06,QQQ,373.1881408691406
2022-01-07,QQQ,369.1455383300781
2022-01-10,QQQ,369.3885192871094
2022-01-11,QQQ,374.9374084472656
2022-01-12,QQQ,376.42425537109375
2022-01-13,QQQ,367.007568359375
2022-01-14,QQQ,369.2912292480469
2022-01-18,QQQ,360.09808349609375
2022-01-19,QQQ,356.1429748535156
2022-01-20,QQQ,351.5171813964844
2022-01-21,QQQ,341.77008056640625
2022-01-24,QQQ,343.33465576171875
2022-01-25,QQQ,335.37567138671875
2022-01-26,QQQ,334.8509216308594
2022-01-27,QQQ,331.4787902832031
2022-01-28,QQQ,341.876953125
2022-01-31,QQQ,352.8096008300781
2022-02-01,QQQ,355.21002197265625
2022-02-02,QQQ,358.0963134765625
2022-02-03,QQQ,343.57763671875
2022-02-04,QQQ,347.91180419921875
2022-02-07,QQQ,345.1129455566406
2022-02-08,QQQ,348.9905090332031
2022-02-09,QQQ,356.3858337402344
2022-02-10,QQQ,348.3199768066406
2022-02-11,QQQ,337.2706604003906
2022-02-14,QQQ,337.6885681152344
2022-02-15,QQQ,346.0848388671875
2022-02-16,QQQ,345.99737548828125
2022-02-17,QQQ,335.7060546875
2022-02-18,QQQ,331.87725830078125
2022-02-22,QQQ,328.5439147949219
2022-02-23,QQQ,320.1282043457031
2022-02-24,QQQ,330.88592529296875
2022-02-25,QQQ,336.0170593261719
2022-02-28,QQQ,337.0179443359375
2022-03-01,QQQ,331.8577880859375
2022-03-02,QQQ,337.4261779785156
2022-03-03,QQQ,332.6060791015625
2022-03-04,QQQ,327.7859802246094
2022-03-07,QQQ,315.6968078613281
2022-03-08,QQQ,314.22955322265625
2022-03-09,QQQ,325.5411071777344
2022-03-10,QQQ,321.92608642578125
2022-03-11,QQQ,315.24981689453125
2022-03-14,QQQ,309.1955871582031
2022-03-15,QQQ,318.8940734863281
2022-03-16,QQQ,330.7207336425781
2022-03-17,QQQ,334.7245178222656
2022-03-18,QQQ,341.57574462890625
2022-03-21,QQQ,340.6260986328125
2022-03-22,QQQ,347.3203125
2022-03-23,QQQ,342.328857421875
2022-03-24,QQQ,349.9375915527344
2022-03-25,QQQ,349.645751953125
2022-03-28,QQQ,355.0556640625
2022-03-29,QQQ,361.16595458984375
2022-03-30,QQQ,357.1767578125
2022-03-31,QQQ,352.7496337890625
2022-04-01,QQQ,352.0782165527344
2022-04-04,QQQ,359.3270568847656
2022-04-05,QQQ,351.3485412597656
2022-04-06,QQQ,343.72027587890625
2022-04-07,QQQ,344.53759765625
2022-04-08,QQQ,339.7212219238281
2022-04-11,QQQ,331.6842346191406
2022-04-12,QQQ,330.2832336425781
2022-04-13,QQQ,336.996826171875
2022-04-14,QQQ,329.2906799316406
2022-04-18,QQQ,329.5436096191406
2022-04-19,QQQ,336.90924072265625
2022-04-20,QQQ,331.99566650390625
2022-04-21,QQQ,325.1263122558594
2022-04-22,QQQ,316.6125793457031
2022-04-25,QQQ,320.67962646484375
2022-04-26,QQQ,308.57562255859375
2022-04-27,QQQ,308.2059020996094
2022-04-28,QQQ,319.152099609375
2022-04-29,QQQ,304.79058837890625
2022-05-02,QQQ,309.8794250488281
2022-05-03,QQQ,310.21026611328125
2022-05-04,QQQ,320.6991271972656
2022-05-05,QQQ,304.5474853515625
2022-05-06,QQQ,300.8987121582031
2022-05-09,QQQ,289.12548828125
2022-05-10,QQQ,292.6379699707031
2022-05-11,QQQ,283.9588928222656
2022-05-12,QQQ,283.2874450683594
2022-05-13,QQQ,293.78607177734375
2022-05-16,QQQ,290.3805847167969
2022-05-17,QQQ,297.9018859863281
2022-05-18,QQQ,283.2778015136719
2022-05-19,QQQ,281.7599182128906
2022-05-20,QQQ,280.8841857910156
2022-05-23,QQQ,285.5545959472656
2022-05-24,QQQ,279.4831237792969
2022-05-25,QQQ,283.3945617675781
2022-05-26,QQQ,291.24658203125
2022-05-27,QQQ,300.75274658203125
2022-05-31,QQQ,299.9548645019531
2022-06-01,QQQ,297.7364501953125
2022-06-02,QQQ,305.8901672363281
2022-06-03,QQQ,297.9310302734375
2022-06-06,QQQ,298.9235534667969
2022-06-07,QQQ,301.5019226074219
2022-06-08,QQQ,299.33221435546875
2022-06-09,QQQ,291.31463623046875
2022-06-10,QQQ,281.0398864746094
2022-06-13,QQQ,267.97259521484375
2022-06-14,QQQ,268.4590759277344
2022-06-15,QQQ,275.1629943847656
2022-06-16,QQQ,264.0611267089844
2022-06-17,QQQ,267.27197265625
2022-06-21,QQQ,274.01519775390625
2022-06-22,QQQ,273.6154479980469
2022-06-23,QQQ,277.69036865234375
2022-06-24,QQQ,287.2050476074219
2022-06-27,QQQ,285.0993957519531
2022-06-28,QQQ,276.4132995605469
2022-06-29,QQQ,276.666748046875
2022-06-30,QQQ,273.23529052734375
2022-07-01,QQQ,275.0387878417969
2022-07-05,QQQ,279.7472839355469
2022-07-06,QQQ,281.5411071777344
2022-07-07,QQQ,287.56585693359375
2022-07-08,QQQ,287.92645263671875
2022-07-11,QQQ,281.7750549316406
2022-07-12,QQQ,279.04547119140625
2022-07-13,QQQ,278.4703063964844
2022-07-14,QQQ,279.4646301269531
2022-07-15,QQQ,284.533935546875
2022-07-18,QQQ,282.12603759765625
2022-07-19,QQQ,290.8023376464844
2022-07-20,QQQ,295.4134521484375
2022-07-21,QQQ,299.6540832519531
2022-07-22,QQQ,294.3995361328125
2022-07-25,QQQ,292.7228088378906
2022-07-26,QQQ,286.9711608886719
2022-07-27,QQQ,299.0984191894531
2022-07-28,QQQ,302.0230407714844
2022-07-29,QQQ,307.5310363769531
2022-08-01,QQQ,307.3457946777344
2022-08-02,QQQ,306.4294128417969
2022-08-03,QQQ,314.7742919921875
2022-08-04,QQQ,316.2463073730469
2022-08-05,QQQ,313.6629638671875
2022-08-08,QQQ,312.64898681640625
2022-08-09,QQQ,309.11029052734375
2022-08-10,QQQ,317.7378845214844
2022-08-11,QQQ,315.9343566894531
2022-08-12,QQQ,322.0857849121094
2022-08-15,QQQ,324.6886901855469
2022-08-16,QQQ,323.92822265625
2022-08-17,QQQ,320.23345947265625
2022-08-18,QQQ,321.0036926269531
2022-08-19,QQQ,314.7450256347656
2022-08-22,QQQ,306.4586181640625
2022-08-23,QQQ,306.20526123046875
2022-08-24,QQQ,307.09234619140625
2022-08-25,QQQ,312.5223083496094
2022-08-26,QQQ,299.7125244140625
2022-08-29,QQQ,296.7587890625
2022-08-30,QQQ,293.4539489746094
2022-08-31,QQQ,291.7479553222656
2022-09-01,QQQ,291.87469482421875
2022-09-02,QQQ,287.7509765625
2022-09-06,QQQ,285.6842956542969
2022-09-07,QQQ,291.4554748535156
2022-09-08,QQQ,292.9664611816406
2022-09-09,QQQ,299.3713684082031
2022-09-12,QQQ,302.9296569824219
2022-09-13,QQQ,286.3179931640625
2022-09-14,QQQ,288.58935546875
2022-09-15,QQQ,283.7832336425781
2022-09-16,QQQ,282.0479736328125
2022-09-19,QQQ,284.24444580078125
2022-09-20,QQQ,281.97869873046875
2022-09-21,QQQ,276.9295654296875
2022-09-22,QQQ,273.5212097167969
2022-09-23,QQQ,269.06781005859375
2022-09-26,QQQ,267.9544982910156
2022-09-27,QQQ,268.06195068359375
2022-09-28,QQQ,273.39422607421875
2022-09-29,QQQ,265.5129089355469
2022-09-30,QQQ,261.0107421875
2022-10-03,QQQ,267.1341247558594
2022-10-04,QQQ,275.53302001953125
2022-10-05,QQQ,275.3864440917969
2022-10-06,QQQ,273.2184753417969
2022-10-07,QQQ,262.8077392578125
2022-10-10,QQQ,260.1806335449219
2022-10-11,QQQ,256.6061706542969
2022-10-12,QQQ,256.51824951171875
2022-10-13,QQQ,262.5342712402344
2022-10-14,QQQ,254.64317321777344
2022-10-17,QQQ,263.0518798828125
2022-10-18,QQQ,265.1320495605469
2022-10-19,QQQ,264.16522216796875
2022-10-20,QQQ,262.8173828125
2022-10-21,QQQ,268.97998046875
2022-10-24,QQQ,271.9390563964844
2022-10-25,QQQ,277.5643615722656
2022-10-26,QQQ,271.43121337890625
2022-10-27,QQQ,266.4895324707031
2022-10-28,QQQ,274.6443176269531
2022-10-31,QQQ,271.4508056640625
2022-11-01,QQQ,268.67718505859375
2022-11-02,QQQ,259.4676818847656
2022-11-03,QQQ,254.3989715576172
2022-11-04,QQQ,258.49102783203125
2022-11-07,QQQ,261.3330383300781
2022-11-08,QQQ,263.2374572753906
2022-11-09,QQQ,257.1628723144531
2022-11-10,QQQ,276.13848876953125
2022-11-11,QQQ,281.22674560546875
2022-11-14,QQQ,278.76568603515625
2022-11-15,QQQ,282.6233215332031
2022-11-16,QQQ,278.76568603515625
2022-11-17,QQQ,278.1504211425781
2022-11-18,QQQ,278.16009521484375
2022-11-21,QQQ,275.29864501953125
2022-11-22,QQQ,279.2637023925781
2022-11-23,QQQ,282.066650390625
2022-11-25,QQQ,280.2110900878906
2022-11-28,QQQ,276.0994873046875
2022-11-29,QQQ,274.0095520019531
2022-11-30,QQQ,286.5004577636719
2022-12-01,QQQ,286.85205078125
2022-12-02,QQQ,285.70941162109375
2022-12-05,QQQ,280.9141540527344
2022-12-06,QQQ,275.0935363769531
2022-12-07,QQQ,273.970458984375
2022-12-08,QQQ,277.21282958984375
2022-12-09,QQQ,275.4451599121094
2022-12-12,QQQ,278.90240478515625
2022-12-13,QQQ,281.90057373046875
2022-12-14,QQQ,279.8105773925781
2022-12-15,QQQ,270.41558837890625
2022-12-16,QQQ,267.8372802734375
2022-12-19,QQQ,264.0732116699219
2022-12-20,QQQ,263.86767578125
2022-12-21,QQQ,267.6952819824219
2022-12-22,QQQ,261.1460876464844
2022-12-23,QQQ,261.7334899902344
2022-12-27,QQQ,258.03302001953125
2022-12-28,QQQ,254.6262969970703
2022-12-29,QQQ,260.83282470703125
2022-12-30,QQQ,260.67626953125
2023-01-03,QQQ,258.9140625
2023-01-04,QQQ,260.14752197265625
2023-01-05,QQQ,256.0751037597656
2023-01-06,QQQ,263.1431884765625
2023-01-09,QQQ,264.84661865234375
2023-01-10,QQQ,267.08837890625
2023-01-11,QQQ,271.70904541015625
2023-01-12,QQQ,273.1774597167969
2023-01-13,QQQ,275.05706787109375
2023-01-17,QQQ,275.6151123046875
2023-01-18,QQQ,272.0320739746094
2023-01-19,QQQ,269.3595886230469
2023-01-20,QQQ,276.7310791015625
2023-01-23,QQQ,282.8788146972656
2023-01-24,QQQ,282.3013000488281
2023-01-25,QQQ,281.6748352050781
2023-01-26,QQQ,287.166748046875
2023-01-27,QQQ,290.0252990722656
2023-01-30,QQQ,284.1613464355469
2023-01-31,QQQ,288.4197998046875
2023-02-01,QQQ,294.5872802734375
2023-02-02,QQQ,305.15997314453125
2023-02-03,QQQ,299.736572265625
2023-02-06,QQQ,297.2010498046875
2023-02-07,QQQ,303.35870361328125
2023-02-08,QQQ,297.9646301269531
2023-02-09,QQQ,295.33123779296875
2023-02-10,QQQ,293.39288330078125
2023-02-13,QQQ,298.0919189453125
2023-02-14,QQQ,300.2945251464844
2023-02-15,QQQ,302.5950927734375
2023-02-16,QQQ,296.9171142578125
2023-02-17,QQQ,294.8221740722656
2023-02-21,QQQ,287.8423156738281
2023-02-22,QQQ,288.0576171875
2023-02-23,QQQ,290.5735168457031
2023-02-24,QQQ,285.7081604003906
2023-02-27,QQQ,287.7541809082031
2023-02-28,QQQ,287.3821716308594
2023-03-01,QQQ,285.07177734375
2023-03-02,QQQ,287.4309997558594
2023-03-03,QQQ,293.3733215332031
2023-03-06,QQQ,293.7061767578125
2023-03-07,QQQ,290.1036376953125
2023-03-08,QQQ,291.5524597167969
2023-03-09,QQQ,286.5010681152344
2023-03-10,QQQ,282.4775390625
2023-03-13,QQQ,284.5725402832031
2023-03-14,QQQ,291.1119079589844
2023-03-15,QQQ,292.6391296386719
2023-03-16,QQQ,300.3532409667969
2023-03-17,QQQ,298.9337463378906
2023-03-20,QQQ,299.9947204589844
2023-03-21,QQQ,304.2793273925781
2023-03-22,QQQ,300.1417236328125
2023-03-23,QQQ,303.70086669921875
2023-03-24,QQQ,304.8186340332031
2023-03-27,QQQ,302.7301940917969
2023-03-28,QQQ,301.1222229003906
2023-03-29,QQQ,306.6129150390625
2023-03-30,QQQ,309.51507568359375
2023-03-31,QQQ,314.66253662109375
2023-04-03,QQQ,313.89776611328125
2023-04-04,QQQ,312.8388366699219
2023-04-05,QQQ,309.7503662109375
2023-04-06,QQQ,311.8387756347656
2023-04-10,QQQ,311.6622619628906
2023-04-11,QQQ,309.662109375
2023-04-12,QQQ,306.9266052246094
2023-04-13,QQQ,312.93695068359375
2023-04-14,QQQ,312.3486022949219
2023-04-17,QQQ,312.6133728027344
2023-04-18,QQQ,312.6329040527344
2023-04-19,QQQ,312.48583984375
2023-04-20,QQQ,310.10333251953125
2023-04-21,QQQ,310.4268798828125
2023-04-24,QQQ,309.7797546386719
2023-04-25,QQQ,303.9361572265625
2023-04-26,QQQ,305.77947998046875
2023-04-27,QQQ,314.0938720703125
2023-04-28,QQQ,316.26068115234375
2023-05-01,QQQ,315.8978576660156
2023-05-02,QQQ,313.142822265625
2023-05-03,QQQ,311.0935974121094
2023-05-04,QQQ,309.9955139160156
2023-05-05,QQQ,316.5842590332031
2023-05-08,QQQ,317.36859130859375
2023-05-09,QQQ,315.35870361328125
2023-05-10,QQQ,318.7903137207031
2023-05-11,QQQ,319.82965087890625
2023-05-12,QQQ,318.68243408203125
2023-05-15,QQQ,320.4080810546875
2023-05-16,QQQ,320.77081298828125
2023-05-17,QQQ,324.653564453125
2023-05-18,QQQ,330.6834716796875
2023-05-19,QQQ,329.9383544921875
2023-05-22,QQQ,331.04620361328125
2023-05-23,QQQ,326.8497619628906
2023-05-24,QQQ,325.17315673828125
2023-05-25,QQQ,333.0855407714844
2023-05-26,QQQ,341.5960998535156
2023-05-30,QQQ,343.14520263671875
2023-05-31,QQQ,341.1940612792969
2023-06-01,QQQ,345.1355285644531
2023-06-02,QQQ,347.72393798828125
2023-06-05,QQQ,347.9691162109375
2023-06-06,QQQ,347.9103088378906
2023-06-07,QQQ,342.0079040527344
2023-06-08,QQQ,346.2533264160156
2023-06-09,QQQ,347.5769348144531
2023-06-12,QQQ,353.449951171875
2023-06-13,QQQ,356.1658935546875
2023-06-14,QQQ,358.75421142578125
2023-06-15,QQQ,363.0291748046875
2023-06-16,QQQ,360.74468994140625
2023-06-20,QQQ,360.2282409667969
2023-06-21,QQQ,355.3191223144531
2023-06-22,QQQ,359.5115661621094
2023-06-23,QQQ,355.9474792480469
2023-06-26,QQQ,351.1758117675781
2023-06-27,QQQ,357.2139587402344
2023-06-28,QQQ,357.9111328125
2023-06-29,QQQ,357.19439697265625
2023-06-30,QQQ,362.70245361328125
2023-07-03,QQQ,363.5565490722656
2023-07-05,QQQ,363.5467529296875
2023-07-06,QQQ,360.77801513671875
2023-07-07,QQQ,359.5802001953125
2023-07-10,QQQ,359.6980285644531
2023-07-11,QQQ,361.47515869140625
2023-07-12,QQQ,366.0406188964844
2023-07-13,QQQ,372.25543212890625
2023-07-14,QQQ,372.177001953125
2023-07-17,QQQ,375.65252685546875
2023-07-18,QQQ,378.7256164550781
2023-07-19,QQQ,378.6372375488281
2023-07-20,QQQ,369.9089050292969
2023-07-21,QQQ,368.7994384765625
2023-07-24,QQQ,369.38848876953125
2023-07-25,QQQ,371.8922119140625
2023-07-26,QQQ,370.6550598144531
2023-07-27,QQQ,369.771484375
2023-07-28,QQQ,376.50677490234375
2023-07-31,QQQ,376.7030334472656
2023-08-01,QQQ,375.8292541503906
2023-08-02,QQQ,367.5820617675781
2023-08-03,QQQ,366.992919921875
2023-08-04,QQQ,365.27471923828125
2023-08-07,QQQ,368.367431640625
2023-08-08,QQQ,365.2354431152344
2023-08-09,QQQ,361.2198486328125
2023-08-10,QQQ,361.887451171875
2023-08-11,QQQ,359.5802001953125
2023-08-14,QQQ,363.61553955078125
2023-08-15,QQQ,359.7569885253906
2023-08-16,QQQ,355.9474792480469
2023-08-17,QQQ,352.0594787597656
2023-08-18,QQQ,351.61767578125
2023-08-21,QQQ,357.2827453613281
2023-08-22,QQQ,356.7722473144531
2023-08-23,QQQ,362.3979797363281
2023-08-24,QQQ,354.6514892578125
2023-08-25,QQQ,357.4006042480469
2023-08-28,QQQ,360.0907287597656
2023-08-29,QQQ,367.95513916015625
2023-08-30,QQQ,370.0070495605469
2023-08-31,QQQ,371.1165466308594
2023-09-01,QQQ,370.72381591796875
2023-09-05,QQQ,371.1950378417969
2023-09-06,QQQ,367.9256896972656
2023-09-07,QQQ,365.2944030761719
2023-09-08,QQQ,365.8049011230469
2023-09-11,QQQ,370.11505126953125
2023-09-12,QQQ,366.0111389160156
2023-09-13,QQQ,367.40533447265625
2023-09-14,QQQ,370.4096374511719
2023-09-15,QQQ,364.0671691894531
2023-09-18,QQQ,364.4466247558594
2023-09-19,QQQ,363.6698913574219
2023-09-20,QQQ,358.4292907714844
2023-09-21,QQQ,351.86114501953125
2023-09-22,QQQ,351.910400390625
2023-09-25,QQQ,353.5818176269531
2023-09-26,QQQ,348.2723693847656
2023-09-27,QQQ,349.08843994140625
2023-09-28,QQQ,352.0087585449219
2023-09-29,QQQ,352.26434326171875
2023-10-02,QQQ,355.2042541503906
2023-10-03,QQQ,348.97052001953125
2023-10-04,QQQ,353.7195129394531
2023-10-05,QQQ,352.6773681640625
2023-10-06,QQQ,358.5865173339844
2023-10-09,QQQ,360.4153747558594
2023-10-10,QQQ,362.4113464355469
2023-10-11,QQQ,364.99725341796875
2023-10-12,QQQ,363.7288513183594
2023-10-13,QQQ,359.1568298339844
2023-10-16,QQQ,363.21759033203125
2023-10-17,QQQ,362.0278625488281
2023-10-18,QQQ,357.2788391113281
2023-10-19,QQQ,353.93585205078125
2023-10-20,QQQ,348.65582275390625
2023-10-23,QQQ,349.70794677734375
2023-10-24,QQQ,353.10986328125
2023-10-25,QQQ,344.4672546386719
2023-10-26,QQQ,337.8992614746094
2023-10-27,QQQ,339.52166748046875
2023-10-30,QQQ,343.34637451171875
2023-10-31,QQQ,344.9883117675781
2023-11-01,QQQ,350.9763488769531
2023-11-02,QQQ,357.34771728515625
2023-11-03,QQQ,361.5461120605469
2023-11-06,QQQ,363.0209655761719
2023-11-07,QQQ,366.45245361328125
2023-11-08,QQQ,366.6884460449219
2023-11-09,QQQ,363.8664855957031
2023-11-10,QQQ,372.04705810546875
2023-11-13,QQQ,370.88677978515625
2023-11-14,QQQ,378.8706970214844
2023-11-15,QQQ,379.1558837890625
2023-11-16,QQQ,379.4803466796875
2023-11-17,QQQ,379.56884765625
2023-11-20,QQQ,384.1900329589844
2023-11-21,QQQ,381.95806884765625
2023-11-22,QQQ,383.5214538574219
2023-11-24,QQQ,382.980712890625
2023-11-27,QQQ,382.64642333984375
2023-11-28,QQQ,383.64923095703125
2023-11-29,QQQ,383.275634765625
2023-11-30,QQQ,382.3120422363281
2023-12-01,QQQ,383.4034118652344
2023-12-04,QQQ,379.8441467285156
2023-12-05,QQQ,380.7978515625
2023-12-06,QQQ,378.59539794921875
2023-12-07,QQQ,383.8852233886719
2023-12-08,QQQ,385.5960998535156
2023-12-11,QQQ,388.88995361328125
2023-12-12,QQQ,391.9870910644531
2023-12-13,QQQ,396.9720764160156
2023-12-14,QQQ,396.6280212402344
2023-12-15,QQQ,398.5453186035156
2023-12-18,QQQ,401.05560302734375
2023-12-19,QQQ,403.1048278808594
2023-12-20,QQQ,397.11480712890625
2023-12-21,QQQ,401.7353820800781
2023-12-22,QQQ,402.3363952636719
2023-12-26,QQQ,404.7993469238281
2023-12-27,QQQ,405.6234130859375
2023-12-28,QQQ,405.42626953125
2023-12-29,QQQ,403.67169189453125
2024-01-02,QQQ,396.8406982421875
2024-01-03,QQQ,392.64154052734375
2024-01-04,QQQ,390.6208190917969
2024-01-05,QQQ,391.0840759277344
2024-01-08,QQQ,399.1669921875
2024-01-09,QQQ,399.95556640625
2024-01-10,QQQ,402.666259765625
2024-01-11,QQQ,403.50408935546875
2024-01-12,QQQ,403.71112060546875
2024-01-16,QQQ,403.67169189453125
2024-01-17,QQQ,401.39471435546875
2024-01-18,QQQ,407.0921630859375
2024-01-19,QQQ,415.1652526855469
2024-01-22,QQQ,415.70733642578125
2024-01-23,QQQ,417.4324035644531
2024-01-24,QQQ,419.74884033203125
2024-01-25,QQQ,420.2613525390625
2024-01-26,QQQ,417.75762939453125
2024-01-29,QQQ,422.0356750488281
2024-01-30,QQQ,419.22637939453125
2024-01-31,QQQ,411.0153503417969
2024-02-01,QQQ,415.8551940917969
2024-02-02,QQQ,422.8833923339844
2024-02-05,QQQ,422.33135986328125
2024-02-06,QQQ,421.4836730957031
2024-02-07,QQQ,425.82080078125
2024-02-08,QQQ,426.60943603515625
2024-02-09,QQQ,430.8085632324219
2024-02-12,QQQ,429.1229553222656
2024-02-13,QQQ,422.4299011230469
2024-02-14,QQQ,427.0332336425781
2024-02-15,QQQ,428.304931640625
2024-02-16,QQQ,424.4211120605469
2024-02-20,QQQ,421.217529296875
2024-02-21,QQQ,419.5319519042969
2024-02-22,QQQ,431.81396484375
2024-02-23,QQQ,430.54241943359375
2024-02-26,QQQ,430.3156433105469
2024-02-27,QQQ,431.3507385253906
2024-02-28,QQQ,429.0539855957031
2024-02-29,QQQ,432.7307434082031
2024-03-01,QQQ,439.2463073730469
2024-03-04,QQQ,437.67901611328125
2024-03-05,QQQ,429.8228454589844
2024-03-06,QQQ,432.5237121582031
2024-03-07,QQQ,439.088623046875
2024-03-08,QQQ,432.75042724609375
2024-03-11,QQQ,431.1437072753906
2024-03-12,QQQ,437.3241271972656
2024-03-13,QQQ,433.96282958984375
2024-03-14,QQQ,432.8686828613281
2024-03-15,QQQ,427.7232666015625
2024-03-18,QQQ,431.8026123046875
2024-03-19,QQQ,432.87847900390625
2024-03-20,QQQ,438.0109558105469
2024-03-21,QQQ,440.08367919921875
2024-03-22,QQQ,440.5871276855469
2024-03-25,QQQ,438.9881591796875
2024-03-26,QQQ,437.5668640136719
2024-03-27,QQQ,439.0572204589844
2024-03-28,QQQ,438.2478942871094
2024-04-01,QQQ,439.1756591796875
2024-04-02,QQQ,435.38555908203125
2024-04-03,QQQ,436.36260986328125
2024-04-04,QQQ,429.6903991699219
2024-04-05,QQQ,434.7538146972656
2024-04-08,QQQ,434.8821716308594
2024-04-09,QQQ,436.49102783203125
2024-04-10,QQQ,432.6811218261719
2024-04-11,QQQ,439.5902099609375
2024-04-12,QQQ,432.5823974609375
2024-04-15,QQQ,425.4659423828125
2024-04-16,QQQ,425.50543212890625
2024-04-17,QQQ,420.31365966796875
2024-04-18,QQQ,417.9151916503906
2024-04-19,QQQ,409.2689208984375
2024-04-22,QQQ,413.3847961425781
2024-04-23,QQQ,419.5537109375
2024-04-24,QQQ,420.9750671386719
2024-04-25,QQQ,418.9417724609375
2024-04-26,QQQ,425.4067077636719
2024-04-29,QQQ,427.134033203125
2024-04-30,QQQ,419.07989501953125
2024-05-01,QQQ,416.04974365234375
2024-05-02,QQQ,421.3599548339844
2024-05-03,QQQ,429.82855224609375
2024-05-06,QQQ,434.5366516113281
2024-05-07,QQQ,434.60577392578125
2024-05-08,QQQ,434.3491516113281
2024-05-09,QQQ,435.29669189453125
2024-05-10,QQQ,436.3232116699219
2024-05-13,QQQ,437.3299560546875
2024-05-14,QQQ,440.1429138183594
2024-05-15,QQQ,447.0225524902344
2024-05-16,QQQ,446.1144714355469
2024-05-17,QQQ,445.8973083496094
2024-05-20,QQQ,449.0064392089844
2024-05-21,QQQ,449.8848876953125
2024-05-22,QQQ,449.79608154296875
2024-05-23,QQQ,447.7726745605469
2024-05-24,QQQ,452.0069885253906
2024-05-28,QQQ,453.71453857421875
2024-05-29,QQQ,450.5165710449219
2024-05-30,QQQ,445.69000244140625
2024-05-31,QQQ,444.86090087890625
2024-06-03,QQQ,447.24951171875
2024-06-04,QQQ,448.473388671875
2024-06-05,QQQ,457.5145568847656
2024-06-06,QQQ,457.3565979003906
2024-06-07,QQQ,456.9519348144531
2024-06-10,QQQ,458.7976989746094
2024-06-11,QQQ,461.9462585449219
2024-06-12,QQQ,467.9967041015625
2024-06-13,QQQ,470.53338623046875
2024-06-14,QQQ,472.97137451171875
2024-06-17,QQQ,478.7651672363281
2024-06-18,QQQ,478.9132080078125
2024-06-20,QQQ,475.2217712402344
2024-06-21,QQQ,473.9485168457031
2024-06-24,QQQ,468.552734375
2024-06-25,QQQ,473.910888671875
2024-06-26,QQQ,474.8896484375
2024-06-27,QQQ,476.115478515625
2024-06-28,QQQ,473.64398193359375
2024-07-01,QQQ,476.4219665527344
2024-07-02,QQQ,481.4242858886719
2024-07-03,QQQ,485.4378967285156
2024-07-05,QQQ,490.4994812011719
2024-07-08,QQQ,491.6660461425781
2024-07-09,QQQ,492.0911560058594
2024-07-10,QQQ,497.221923828125
2024-07-11,QQQ,486.31781005859375
2024-07-12,QQQ,489.1748046875
2024-07-15,QQQ,490.4895935058594
2024-07-16,QQQ,490.6774597167969
2024-07-17,QQQ,476.27362060546875
2024-07-18,QQQ,474.0196838378906
2024-07-19,QQQ,469.81817626953125
2024-07-22,QQQ,476.8174133300781
2024-07-23,QQQ,475.1367492675781
2024-07-24,QQQ,458.0934753417969
2024-07-25,QQQ,453.0417785644531
2024-07-26,QQQ,457.6882019042969
2024-07-29,QQQ,458.6075134277344
2024-07-30,QQQ,452.31024169921875
2024-07-31,QQQ,465.69573974609375
2024-08-01,QQQ,454.4158935546875
2024-08-02,QQQ,443.6304016113281
2024-08-05,QQQ,430.4030456542969
2024-08-06,QQQ,434.51556396484375
2024-08-07,QQQ,429.8098449707031
2024-08-08,QQQ,442.9581604003906
2024-08-09,QQQ,445.27142333984375
2024-08-12,QQQ,446.2303771972656
2024-08-13,QQQ,457.30255126953125
2024-08-14,QQQ,457.45086669921875
2024-08-15,QQQ,469.0075378417969
2024-08-16,QQQ,469.61053466796875
2024-08-19,QQQ,475.7793273925781
2024-08-20,QQQ,474.7809143066406
2024-08-21,QQQ,476.9953918457031
2024-08-22,QQQ,469.43267822265625
2024-08-23,QQQ,474.5238342285156
2024-08-26,QQQ,469.9170227050781
2024-08-27,QQQ,471.32086181640625
2024-08-28,QQQ,465.9725341796875
2024-08-29,QQQ,465.2904052734375
2024-08-30,QQQ,470.83642578125
2024-09-03,QQQ,456.5414123535156
2024-09-04,QQQ,455.3551025390625
2024-09-05,QQQ,455.7801818847656
2024-09-06,QQQ,443.57110595703125
2024-09-09,QQQ,449.27520751953125
2024-09-10,QQQ,453.4273376464844
2024-09-11,QQQ,463.273681640625
2024-09-12,QQQ,467.82122802734375
2024-09-13,QQQ,469.9170227050781
2024-09-16,QQQ,467.8410339355469
2024-09-17,QQQ,468.0881042480469
2024-09-18,QQQ,466.0615539550781
2024-09-19,QQQ,477.8454895019531
2024-09-20,QQQ,476.93597412109375
2024-09-23,QQQ,478.2002258300781
2024-09-24,QQQ,480.5068664550781
2024-09-25,QQQ,480.952392578125
2024-09-26,QQQ,484.5658264160156
2024-09-27,QQQ,481.8730773925781
2024-09-30,QQQ,483.1798400878906
2024-10-01,QQQ,476.4479064941406
2024-10-02,QQQ,477.12115478515625
2024-10-03,QQQ,476.7647399902344
2024-10-04,QQQ,482.43731689453125
2024-10-07,QQQ,477.26959228515625
2024-10-08,QQQ,484.39752197265625
2024-10-09,QQQ,488.2088623046875
2024-10-10,QQQ,487.6545104980469
2024-10-11,QQQ,488.4167785644531
2024-10-14,QQQ,492.515380859375
2024-10-15,QQQ,485.9319152832031
2024-10-16,QQQ,485.9913635253906
2024-10-17,QQQ,486.3279724121094
2024-10-18,QQQ,489.51568603515625
2024-10-21,QQQ,490.4562072753906
2024-10-22,QQQ,490.9907531738281
2024-10-23,QQQ,483.4668884277344
2024-10-24,QQQ,487.3872375488281
2024-10-25,QQQ,490.3572082519531
2024-10-28,QQQ,490.4364013671875
2024-10-29,QQQ,495.1487121582031
2024-10-30,QQQ,491.4065856933594
2024-10-31,QQQ,479.0021057128906
2024-11-01,QQQ,482.54620361328125
2024-11-04,QQQ,481.1404724121094
2024-11-05,QQQ,487.2783203125
2024-11-06,QQQ,500.5143737792969
2024-11-07,QQQ,508.3946228027344
2024-11-08,QQQ,508.98870849609375
2024-11-11,QQQ,508.6916198730469
2024-11-12,QQQ,507.77093505859375
2024-11-13,QQQ,507.1175842285156
2024-11-14,QQQ,503.5932312011719
2024-11-15,QQQ,491.5946960449219
2024-11-18,QQQ,495.0101013183594
2024-11-19,QQQ,498.4156494140625
2024-11-20,QQQ,498.1285400390625
2024-11-21,QQQ,499.92041015625
2024-11-22,QQQ,500.7222900390625
2024-11-25,QQQ,501.51422119140625
2024-11-26,QQQ,504.2070007324219
2024-11-27,QQQ,500.2371520996094
2024-11-29,QQQ,504.6326904296875
2024-12-02,QQQ,510.1270751953125
2024-12-03,QQQ,511.6912841796875
2024-12-04,QQQ,518.0172729492188
2024-12-05,QQQ,516.5817260742188
2024-12-06,QQQ,521.2049560546875
2024-12-09,QQQ,517.1461181640625
2024-12-10,QQQ,515.3837890625
2024-12-11,QQQ,524.6105346679688
2024-12-12,QQQ,521.2247314453125
2024-12-13,QQQ,525.2144165039062
2024-12-16,QQQ,532.77783203125
2024-12-17,QQQ,530.431640625
2024-12-18,QQQ,511.29522705078125
2024-12-19,QQQ,509.018310546875
2024-12-20,QQQ,513.4633178710938
2024-12-23,QQQ,518.4658813476562
2024-12-24,QQQ,525.4961547851562
2024-12-26,QQQ,525.1392211914062
2024-12-27,QQQ,518.1583862304688
2024-12-30,QQQ,511.2669677734375
2024-12-31,QQQ,506.92388916015625
2025-01-02,QQQ,505.93231201171875
2025-01-03,QQQ,514.2120361328125
2025-01-06,QQQ,520.121826171875
2025-01-07,QQQ,510.840576171875
2025-01-08,QQQ,510.9298400878906
2025-01-10,QQQ,502.91790771484375
2025-01-13,QQQ,501.3016662597656
2025-01-14,QQQ,500.82568359375
2025-01-15,QQQ,512.3477783203125
2025-01-16,QQQ,508.7582702636719
2025-01-17,QQQ,517.3453369140625
2025-01-21,QQQ,520.379638671875
2025-01-22,QQQ,527.0330810546875
2025-01-23,QQQ,528.1536254882812
2025-01-24,QQQ,525.1688842773438
2025-01-27,QQQ,509.8788757324219
2025-01-28,QQQ,517.4147338867188
2025-01-29,QQQ,516.4429931640625
2025-01-30,QQQ,518.6443481445312
2025-01-31,QQQ,517.8906860351562
2025-02-03,QQQ,513.7459106445312
2025-02-04,QQQ,520.0523681640625
2025-02-05,QQQ,522.412353515625
2025-02-06,QQQ,525.1392211914062
2025-02-07,QQQ,518.5153198242188
2025-02-10,QQQ,524.7921142578125
2025-02-11,QQQ,523.5426635742188
2025-02-12,QQQ,523.85009765625
2025-02-13,QQQ,531.3861083984375
2025-02-14,QQQ,533.6171264648438
2025-02-18,QQQ,534.826904296875
2025-02-19,QQQ,534.9756469726562
2025-02-20,QQQ,532.7049560546875
2025-02-21,QQQ,521.6488037109375
2025-02-24,QQQ,515.4910888671875
2025-02-25,QQQ,508.9962463378906
2025-02-26,QQQ,510.22576904296875
2025-02-27,QQQ,496.0561828613281
2025-02-28,QQQ,503.8896789550781
2025-03-03,QQQ,492.8633117675781
2025-03-04,QQQ,491.3759460449219
2025-03-05,QQQ,497.78155517578125
2025-03-06,QQQ,484.0878601074219
2025-03-07,QQQ,487.64764404296875
2025-03-10,QQQ,468.7481689453125
2025-03-11,QQQ,467.62774658203125
2025-03-12,QQQ,472.9029235839844
2025-03-13,QQQ,464.3951110839844
2025-03-14,QQQ,475.61981201171875
2025-03-17,QQQ,478.7035827636719
2025-03-18,QQQ,470.54296875
2025-03-19,QQQ,476.83941650390625
2025-03-20,QQQ,475.2231750488281
2025-03-21,QQQ,476.7898864746094
2025-03-24,QQQ,487.252685546875
2025-03-25,QQQ,490.03326416015625
2025-03-26,QQQ,481.01629638671875
2025-03-27,QQQ,478.2754821777344
2025-03-28,QQQ,465.68353271484375
2025-03-31,QQQ,465.6636962890625
2025-04-01,QQQ,469.4173889160156
2025-04-02,QQQ,472.84344482421875
2025-04-03,QQQ,447.5304260253906
2025-04-04,QQQ,419.7348327636719
2025-04-07,QQQ,420.74774169921875
2025-04-08,QQQ,413.17071533203125
2025-04-09,QQQ,462.763916015625
2025-04-10,QQQ,443.0815734863281
2025-04-11,QQQ,451.2445068359375
2025-04-14,QQQ,454.3031005859375
2025-04-15,QQQ,454.8095397949219
2025-04-16,QQQ,441.0954284667969
2025-04-17,QQQ,441.01605224609375
2025-04-21,QQQ,430.1023254394531
2025-04-22,QQQ,441.3934020996094
2025-04-23,QQQ,451.4034118652344
2025-04-24,QQQ,464.1045227050781
2025-04-25,QQQ,469.2783508300781
2025-04-28,QQQ,469.12939453125
2025-04-29,QQQ,472.2277526855469
2025-04-30,QQQ,472.1681823730469
2025-05-01,QQQ,478.33502197265625
2025-05-02,QQQ,485.43536376953125
2025-05-05,QQQ,482.5555114746094
2025-05-06,QQQ,478.06695556640625
2025-05-07,QQQ,479.9437561035156
2025-05-08,QQQ,484.899169921875
2025-05-09,QQQ,484.58135986328125
2025-05-12,QQQ,504.32330322265625
2025-05-13,QQQ,512.009521484375
2025-05-14,QQQ,515.078125
2025-05-15,QQQ,515.6441650390625
2025-05-16,QQQ,517.888427734375
2025-05-19,QQQ,518.385009765625
2025-05-20,QQQ,516.6571655273438
2025-05-21,QQQ,509.4772644042969
2025-05-22,QQQ,510.4306640625
2025-05-23,QQQ,505.70367431640625
2025-05-27,QQQ,517.6004638671875
2025-05-28,QQQ,515.3064575195312
2025-05-29,QQQ,516.3194580078125
2025-05-30,QQQ,515.505126953125
2025-06-02,QQQ,519.5767211914062
2025-06-03,QQQ,523.6382446289062
2025-06-04,QQQ,525.0980834960938
2025-06-05,QQQ,521.1456909179688
2025-06-06,QQQ,526.2400512695312
2025-06-09,QQQ,527.0146484375
2025-06-10,QQQ,530.500244140625
2025-06-11,QQQ,528.7127075195312
2025-06-12,QQQ,529.9541015625
2025-06-13,QQQ,523.3005981445312
2025-06-16,QQQ,530.5797729492188
2025-06-17,QQQ,525.4058837890625
2025-06-18,QQQ,525.3165283203125
2025-06-20,QQQ,523.1715087890625
2025-06-23,QQQ,528.5509643554688
2025-06-24,QQQ,536.6336059570312
2025-06-25,QQQ,538.0054931640625
2025-06-26,QQQ,543.0360107421875
2025-06-27,QQQ,544.8951416015625
2025-06-30,QQQ,548.4244384765625
2025-07-01,QQQ,543.8015747070312
2025-07-02,QQQ,547.5892944335938
2025-07-03,QQQ,552.977783203125
2025-07-07,QQQ,548.8121948242188
2025-07-08,QQQ,549.1204223632812
2025-07-09,QQQ,553.007568359375
2025-07-10,QQQ,552.2122192382812
2025-07-11,QQQ,550.9695434570312
2025-07-14,QQQ,552.9678344726562
2025-07-15,QQQ,553.474853515625
2025-07-16,QQQ,554.04150390625
2025-07-17,QQQ,558.5252685546875
2025-07-18,QQQ,557.9883422851562
2025-07-21,QQQ,560.88134765625
2025-07-22,QQQ,557.9784545898438
2025-07-23,QQQ,560.5236206054688
2025-07-24,QQQ,561.716552734375
2025-07-25,QQQ,563.068603515625
2025-07-28,QQQ,564.8282470703125
2025-07-29,QQQ,563.9534301757812
2025-07-30,QQQ,564.708984375
2025-07-31,QQQ,561.716552734375
2025-08-01,QQQ,550.6513671875
2025-08-04,QQQ,560.8118896484375
2025-08-05,QQQ,557.004150390625
2025-08-06,QQQ,564.0130615234375
2025-08-07,QQQ,565.9219360351562
2025-08-08,QQQ,571.2008666992188
2025-08-11,QQQ,569.5108032226562
2025-08-12,QQQ,576.6688232421875
2025-08-13,QQQ,576.9572143554688
2025-08-14,QQQ,576.5098876953125
2025-08-15,QQQ,573.9747314453125
2025-08-18,QQQ,573.7459716796875
2025-08-19,QQQ,565.961669921875
2025-08-20,QQQ,562.6013793945312
2025-08-21,QQQ,559.9966430664062
2025-08-22,QQQ,568.635986328125
2025-08-25,QQQ,566.99560546875
2025-08-26,QQQ,569.272216796875
2025-08-27,QQQ,570.1470336914062
2025-08-28,QQQ,573.7161254882812
2025-08-29,QQQ,567.0751342773438
2025-09-02,QQQ,562.3229370117188
2025-09-03,QQQ,566.7470703125
2025-09-04,QQQ,571.8768920898438
2025-09-05,QQQ,572.7020263671875
2025-09-08,QQQ,575.4957275390625
2025-09-09,QQQ,577.126220703125
2025-09-10,QQQ,577.3150634765625
2025-09-11,QQQ,580.6753540039062
2025-09-12,QQQ,583.2402954101562
2025-09-15,QQQ,588.2310791015625
2025-09-16,QQQ,587.7339477539062
2025-09-17,QQQ,586.5608520507812
2025-09-18,QQQ,591.8499145507812
2025-09-19,QQQ,595.8563232421875
2025-09-22,QQQ,599.3838500976562
2025-09-23,QQQ,595.4025268554688
2025-09-24,QQQ,593.3123168945312
2025-09-25,QQQ,590.75439453125
2025-09-26,QQQ,593.1829223632812
2025-09-29,QQQ,595.9299926757812
2025-09-30,QQQ,597.5623779296875
2025-10-01,QQQ,600.4288940429688
2025-10-02,QQQ,602.897216796875
2025-10-03,QQQ,600.3591918945312
2025-10-06,QQQ,604.8680419921875
2025-10-07,QQQ,601.6829833984375
2025-10-08,QQQ,608.5805053710938
2025-10-09,QQQ,607.8441162109375
2025-10-10,QQQ,586.7432250976562
2025-10-13,QQQ,599.1947021484375
2025-10-14,QQQ,595.203369140625
2025-10-15,QQQ,599.4036254882812
2025-10-16,QQQ,597.18408203125
2025-10-17,QQQ,601.1056518554688
2025-10-20,QQQ,608.6800537109375
2025-10-21,QQQ,608.5208740234375
2025-10-22,QQQ,602.6583862304688
2025-10-23,QQQ,607.724609375
2025-10-24,QQQ,614.214111328125
2025-10-27,QQQ,625.1527099609375
2025-10-28,QQQ,629.9600830078125
2025-10-29,QQQ,632.7967529296875
2025-10-30,QQQ,623.1222534179688
2025-10-31,QQQ,626.1280517578125
2025-11-03,QQQ,629.1240844726562
2025-11-04,QQQ,616.35400390625
2025-11-05,QQQ,620.3651733398438
2025-11-06,QQQ,608.8094482421875
2025-11-07,QQQ,606.8884887695312
2025-11-10,QQQ,620.3153686523438
2025-11-11,QQQ,618.6632080078125
2025-11-12,QQQ,618.175537109375
2025-11-13,QQQ,605.5548095703125
2025-11-14,QQQ,606.0126953125
2025-11-17,QQQ,600.8369750976562
2025-11-18,QQQ,593.5213012695312
2025-11-19,QQQ,597.064697265625
2025-11-20,QQQ,582.9310913085938
2025-11-21,QQQ,587.310546875
2025-11-24,QQQ,602.3298950195312
2025-11-25,QQQ,606.0425415039062
2025-11-26,QQQ,611.3973999023438
2025-11-28,QQQ,616.35400390625
2025-12-01,QQQ,614.2837524414062
2025-12-02,QQQ,619.0911865234375
2025-12-03,QQQ,620.6040649414062
2025-12-04,QQQ,620.0267333984375
2025-12-05,QQQ,622.554931640625
2025-12-08,QQQ,621.3605346679688
2025-12-09,QQQ,622.126953125
2025-12-10,QQQ,624.6749267578125
2025-12-11,QQQ,622.6544799804688
2025-12-12,QQQ,610.7503051757812
2025-12-15,QQQ,607.6847534179688
2025-12-16,QQQ,608.88916015625
2025-12-17,QQQ,597.6021118164062
2025-12-18,QQQ,606.2614135742188
2025-12-19,QQQ,614.164306640625
2025-12-22,QQQ,617.1083374023438
2025-12-23,QQQ,619.9984130859375
2025-12-24,QQQ,621.812255859375
2025-12-26,QQQ,621.7724609375
2025-12-29,QQQ,618.7626342773438
2025-12-30,QQQ,617.3275756835938
2025-12-31,QQQ,612.2249145507812
2026-01-02,QQQ,611.0389404296875
2026-01-05,QQQ,615.8923950195312
2026-01-06,QQQ,621.303955078125
2026-01-07,QQQ,621.9020385742188
2026-01-08,QQQ,618.3639526367188
2026-01-09,QQQ,624.5230712890625
2026-01-12,QQQ,625.041259765625
2026-01-13,QQQ,624.1144409179688
2026-01-14,QQQ,617.4471435546875
2026-01-15,QQQ,619.6696166992188
2026-01-16,QQQ,619.1513671875
2026-01-20,QQQ,605.9961547851562
2026-01-21,QQQ,614.1882934570312
2026-01-22,QQQ,618.6530151367188
2026-01-23,QQQ,620.6063842773438
2026-01-26,QQQ,623.3370971679688
2026-01-27,QQQ,628.9878540039062
2026-01-28,QQQ,631.0706787109375
2026-01-29,QQQ,627.2936401367188
2026-01-30,QQQ,619.7592163085938
2026-02-02,QQQ,624.0147705078125
2026-02-03,QQQ,614.4274291992188
2026-02-04,QQQ,603.6939697265625
2026-02-05,QQQ,595.0036010742188
2026-02-06,QQQ,607.5807495117188
2026-02-09,QQQ,612.2349243164062
2026-02-10,QQQ,609.3945922851562
2026-02-11,QQQ,611.0289916992188
2026-02-12,QQQ,598.601318359375
2026-02-13,QQQ,599.876953125
2026-02-17,QQQ,599.259033203125
2026-02-18,QQQ,603.7338256835938
2026-02-19,QQQ,601.4216918945312
2026-02-20,QQQ,606.74365234375
2026-02-23,QQQ,599.36865234375
2026-02-24,QQQ,605.8067626953125
2026-02-25,QQQ,614.5868530273438
2026-02-26,QQQ,607.1721801757812
2026-02-27,QQQ,605.228759765625
2026-03-02,QQQ,606.0260009765625
2026-03-03,QQQ,599.5381469726562
2026-03-04,QQQ,608.6770629882812
2026-03-05,QQQ,606.84326171875
2026-03-06,QQQ,597.7142944335938
2026-03-09,QQQ,605.6971435546875
2026-03-10,QQQ,605.7071533203125
2026-03-11,QQQ,605.62744140625
2026-03-12,QQQ,595.2328491210938
2026-03-13,QQQ,591.7047729492188
2026-03-16,QQQ,598.3422241210938
2026-03-17,QQQ,601.2622680664062
2026-03-18,QQQ,592.8807983398438
2026-03-19,QQQ,591.0072021484375
2026-03-20,QQQ,580.0844116210938
2026-03-23,QQQ,586.7431640625
2026-03-24,QQQ,582.731689453125
2026-03-25,QQQ,586.5635375976562
2026-03-26,QQQ,572.5634765625
2026-03-27,QQQ,561.37744140625
2026-03-30,QQQ,557.0867309570312
2026-03-31,QQQ,575.9462280273438
2026-04-01,QQQ,583.06103515625
2026-04-02,QQQ,583.7295532226562
2026-04-06,QQQ,587.2420654296875
2026-04-07,QQQ,587.3319091796875
2026-04-08,QQQ,604.7944946289062
2026-04-09,QQQ,608.8856811523438
2026-04-10,QQQ,609.7637939453125
2026-04-13,QQQ,616.0703735351562
2026-04-14,QQQ,627.2562866210938
2026-04-15,QQQ,636.0375366210938
2026-04-16,QQQ,639.1009521484375
2026-04-17,QQQ,647.4630126953125
2026-04-20,QQQ,645.4074096679688
2026-04-21,QQQ,642.9527587890625
2026-04-22,QQQ,653.7096557617188
2026-04-23,QQQ,650.0275268554688
2026-04-24,QQQ,662.4609375
2026-04-27,QQQ,662.8101806640625
2026-04-28,QQQ,656.1444702148438
2026-04-29,QQQ,660.1558837890625
2026-04-30,QQQ,666.3126831054688
2026-05-01,QQQ,672.7090454101562
2026-05-04,QQQ,671.4417114257812
2026-05-05,QQQ,680.1530151367188
2026-05-06,QQQ,694.2827758789062
2026-05-07,QQQ,693.4545288085938
2026-05-08,QQQ,709.709716796875
2026-05-11,QQQ,711.7653198242188
2026-05-12,QQQ,705.7282104492188
2026-05-13,QQQ,713.1823120117188
2026-05-14,QQQ,718.2514038085938
2026-05-15,QQQ,707.4146118164062
2026-05-18,QQQ,704.3711547851562
2026-05-19,QQQ,700.030517578125
2026-05-20,QQQ,711.6256103515625
2026-05-21,QQQ,712.9827270507812
2026-05-22,QQQ,716.0062255859375
2026-05-26,QQQ,728.718994140625
2026-05-27,QQQ,727.8907470703125
2026-05-28,QQQ,734.0276489257812
2026-05-29,QQQ,736.7318115234375
2026-06-01,QQQ,741.15234375
2026-06-02,QQQ,744.5650024414062
2026-06-03,QQQ,742.6192626953125
2026-06-04,QQQ,739.0269165039062
2026-06-05,QQQ,703.5528564453125
2026-06-08,QQQ,714.5394287109375
2026-06-09,QQQ,706.3170166015625
2026-06-10,QQQ,692.2072143554688
2026-06-11,QQQ,715.587158203125
2026-06-12,QQQ,719.7981567382812
2026-06-15,QQQ,742.40966796875
2026-06-16,QQQ,728.2998657226562
2026-06-17,QQQ,720.9656372070312
2026-06-18,QQQ,739.0369262695312
2026-06-22,QQQ,737.1818237304688
2026-06-23,QQQ,712.9071655273438
2026-06-24,QQQ,709.8803100585938
2026-06-25,QQQ,715.63427734375
2026-06-26,QQQ,705.7846069335938
2026-06-29,QQQ,723.3262939453125
2026-06-30,QQQ,735.6334838867188
2026-07-01,QQQ,724.4151000976562
2026-07-02,QQQ,711.8582153320312
2026-07-06,QQQ,722.067626953125
2026-07-07,QQQ,708.6915283203125
2026-07-08,QQQ,710.699462890625
2026-07-09,QQQ,722.5271606445312
2026-07-10,QQQ,724.7548217773438
2026-07-13,QQQ,710.9990844726562
2026-07-14,QQQ,718.9408569335938
2026-07-15,QQQ,716.9928588867188
2026-07-16,QQQ,705.2051391601562
2026-07-17,QQQ,694.606201171875
2026-07-20,QQQ,695.33544921875
2026-07-21,QQQ,708.2319946289062
2026-07-22,QQQ,704.61572265625
2026-07-23,QQQ,691.23974609375
2026-07-24,QQQ,683.5177612304688
2026-07-27,QQQ,681.4099731445312
2026-07-28,QQQ,674.786865234375
2026-07-29,QQQ,661.0411376953125
2026-07-30,QQQ,682.8384399414062
2026-07-31,QQQ,687.2738647460938
2026-08-03,QQQ,699.34130859375
2026-08-04,QQQ,723.0964965820312
2026-08-05,QQQ,716.5533447265625
2026-08-06,QQQ,713.9061279296875
2026-08-07,QQQ,722.2774047851562
2026-08-10,QQQ,720.11962890625
2026-08-11,QQQ,717.7021484375
2026-08-12,QQQ,722.9467163085938
2026-08-13,QQQ,731.3079833984375
2026-08-14,QQQ,730.3090209960938
2026-08-17,QQQ,729.1102294921875
2026-08-18,QQQ,716.7631225585938
2026-08-19,QQQ,715.3345947265625
2026-08-20,QQQ,710.18994140625
2026-08-21,QQQ,712.6973876953125
2026-08-24,QQQ,705.5847778320312
2026-08-25,QQQ,709.9801635742188
2026-08-26,QQQ,710.6295166015625
2026-08-27,QQQ,720.359375
2026-08-28,QQQ,715.6842651367188
2026-08-31,QQQ,716.013916015625
2026-09-01,QQQ,706.9033813476562
2026-09-02,QQQ,708.501708984375
2026-09-03,QQQ,716.9229125976562
2026-09-04,QQQ,718.2116088867188
2026-09-08,QQQ,717.6122436523438
2026-09-09,QQQ,715.5643920898438
2026-09-10,QQQ,707.9523315429688
2026-09-11,QQQ,714.1358642578125
2026-09-14,QQQ,708.4417724609375
2026-09-15,QQQ,703.8065795898438
2026-09-16,QQQ,703.9863891601562
2026-09-17,QQQ,716.1737060546875
2026-09-18,QQQ,720.6990356445312
2026-09-21,QQQ,741.469970703125
2026-09-22,QQQ,747.4600219726562
2021-09-23,SPY,414.5073547363281
2021-09-24,SPY,415.19012451171875
2021-09-27,SPY,414.0023193359375
2021-09-28,SPY,405.6593933105469
2021-09-29,SPY,406.3421936035156
2021-09-30,SPY,401.3757629394531
2021-10-01,SPY,406.1457214355469
2021-10-04,SPY,400.9080505371094
2021-10-05,SPY,405.0794982910156
2021-10-06,SPY,406.7630310058594
2021-10-07,SPY,410.27978515625
2021-10-08,SPY,409.531494140625
2021-10-11,SPY,406.5666198730469
2021-10-12,SPY,405.5658264160156
2021-10-13,SPY,407.02490234375
2021-10-14,SPY,413.871337890625
2021-10-15,SPY,417.0233154296875
2021-10-18,SPY,418.25787353515625
2021-10-19,SPY,421.48468017578125
2021-10-20,SPY,423.14019775390625
2021-10-21,SPY,424.2438659667969
2021-10-22,SPY,423.8042297363281
2021-10-25,SPY,426.0770263671875
2021-10-26,SPY,426.46051025390625
2021-10-27,SPY,424.5711669921875
2021-10-28,SPY,428.6678161621094
2021-10-29,SPY,429.53765869140625
2021-11-01,SPY,430.27655029296875
2021-11-02,SPY,432.01617431640625
2021-11-03,SPY,434.6537170410156
2021-11-04,SPY,436.7020263671875
2021-11-05,SPY,438.2173156738281
2021-11-08,SPY,438.5913391113281
2021-11-09,SPY,437.1416320800781
2021-11-10,SPY,433.625
2021-11-11,SPY,433.7651672363281
2021-11-12,SPY,437.0387878417969
2021-11-15,SPY,437.1883850097656
2021-11-16,SPY,438.918701171875
2021-11-17,SPY,437.85247802734375
2021-11-18,SPY,439.339599609375
2021-11-19,SPY,438.55401611328125
2021-11-22,SPY,437.3193664550781
2021-11-23,SPY,437.8992919921875
2021-11-24,SPY,439.0684509277344
2021-11-26,SPY,429.27569580078125
2021-11-29,SPY,434.5415344238281
2021-11-30,SPY,426.0863952636719
2021-12-01,SPY,421.3537902832031
2021-12-02,SPY,427.8072814941406
2021-12-03,SPY,424.08489990234375
2021-12-06,SPY,429.1074523925781
2021-12-07,SPY,437.9834289550781
2021-12-08,SPY,439.1431884765625
2021-12-09,SPY,436.17828369140625
2021-12-10,SPY,440.2842102050781
2021-12-13,SPY,436.38397216796875
2021-12-14,SPY,433.3816833496094
2021-12-15,SPY,440.1532897949219
2021-12-16,SPY,436.27191162109375
2021-12-17,SPY,431.6286315917969
2021-12-20,SPY,427.0389404296875
2021-12-21,SPY,434.6227722167969
2021-12-22,SPY,438.9684753417969
2021-12-23,SPY,441.69970703125
2021-12-27,SPY,447.95074462890625
2021-12-28,SPY,447.5846252441406
2021-12-29,SPY,448.1571350097656
2021-12-30,SPY,446.918212890625
2021-12-31,SPY,445.79193115234375
2022-01-03,SPY,448.37310791015625
2022-01-04,SPY,448.22283935546875
2022-01-05,SPY,439.6159362792969
2022-01-06,SPY,439.2030334472656
2022-01-07,SPY,437.466552734375
2022-01-10,SPY,436.9222412109375
2022-01-11,SPY,440.9018859863281
2022-01-12,SPY,442.0939025878906
2022-01-13,SPY,436.0024108886719
2022-01-14,SPY,436.1807556152344
2022-01-18,SPY,428.45623779296875
2022-01-19,SPY,424.0072937011719
2022-01-20,SPY,419.3143005371094
2022-01-21,SPY,411.0829162597656
2022-01-24,SPY,412.82867431640625
2022-01-25,SPY,407.78851318359375
2022-01-26,SPY,406.7654113769531
2022-01-27,SPY,404.7568664550781
2022-01-28,SPY,414.8091735839844
2022-01-31,SPY,422.2803039550781
2022-02-01,SPY,425.1336364746094
2022-02-02,SPY,429.263427734375
2022-02-03,SPY,419.1735534667969
2022-02-04,SPY,421.1446533203125
2022-02-07,SPY,419.7929992675781
2022-02-08,SPY,423.2470703125
2022-02-09,SPY,429.44171142578125
2022-02-10,SPY,421.7265625
2022-02-11,SPY,413.41058349609375
2022-02-14,SPY,412.05908203125
2022-02-15,SPY,418.70428466796875
2022-02-16,SPY,419.1735534667969
2022-02-17,SPY,410.2193908691406
2022-02-18,SPY,407.563232421875
2022-02-22,SPY,403.1894226074219
2022-02-23,SPY,396.037353515625
2022-02-24,SPY,401.9974060058594
2022-02-25,SPY,410.8670654296875
2022-02-28,SPY,409.81585693359375
2022-03-01,SPY,403.5742492675781
2022-03-02,SPY,410.9984436035156
2022-03-03,SPY,408.9523620605469
2022-03-04,SPY,405.6297607421875
2022-03-07,SPY,393.672119140625
2022-03-08,SPY,390.6873474121094
2022-03-09,SPY,401.1620788574219
2022-03-10,SPY,399.3506164550781
2022-03-11,SPY,394.2728576660156
2022-03-14,SPY,391.3913269042969
2022-03-15,SPY,399.9982604980469
2022-03-16,SPY,408.8677978515625
2022-03-17,SPY,413.9831237792969
2022-03-18,SPY,418.5174255371094
2022-03-21,SPY,418.3950500488281
2022-03-22,SPY,423.2909240722656
2022-03-23,SPY,417.839599609375
2022-03-24,SPY,424.1382751464844
2022-03-25,SPY,426.2095642089844
2022-03-28,SPY,429.24114990234375
2022-03-29,SPY,434.5512390136719
2022-03-30,SPY,431.8680419921875
2022-03-31,SPY,425.22100830078125
2022-04-01,SPY,426.42608642578125
2022-04-04,SPY,430.0791015625
2022-04-05,SPY,424.64666748046875
2022-04-06,SPY,420.40045166015625
2022-04-07,SPY,422.5188293457031
2022-04-08,SPY,421.3890380859375
2022-04-11,SPY,414.1865539550781
2022-04-12,SPY,412.6518859863281
2022-04-13,SPY,417.37823486328125
2022-04-14,SPY,412.1811218261719
2022-04-18,SPY,412.3505859375
2022-04-19,SPY,419.00701904296875
2022-04-20,SPY,418.6963195800781
2022-04-21,SPY,412.435302734375
2022-04-22,SPY,401.1184387207031
2022-04-25,SPY,403.4440002441406
2022-04-26,SPY,391.7598571777344
2022-04-27,SPY,392.8614501953125
2022-04-28,SPY,402.7849426269531
2022-04-29,SPY,387.8997802734375
2022-05-02,SPY,390.2346496582031
2022-05-03,SPY,392.0235290527344
2022-05-04,SPY,403.9617919921875
2022-05-05,SPY,389.60382080078125
2022-05-06,SPY,387.2783203125
2022-05-09,SPY,374.8787841796875
2022-05-10,SPY,375.7449951171875
2022-05-11,SPY,369.7757568359375
2022-05-12,SPY,369.38983154296875
2022-05-13,SPY,378.2210998535156
2022-05-16,SPY,376.68646240234375
2022-05-17,SPY,384.43499755859375
2022-05-18,SPY,368.93780517578125
2022-05-19,SPY,366.6781921386719
2022-05-20,SPY,366.8382873535156
2022-05-23,SPY,373.701904296875
2022-05-24,SPY,370.8490905761719
2022-05-25,SPY,374.1255187988281
2022-05-26,SPY,381.6010437011719
2022-05-27,SPY,390.96905517578125
2022-05-31,SPY,388.7752990722656
2022-06-01,SPY,385.6307373046875
2022-06-02,SPY,392.9744567871094
2022-06-03,SPY,386.5251159667969
2022-06-06,SPY,387.7019958496094
2022-06-07,SPY,391.42095947265625
2022-06-08,SPY,387.1653747558594
2022-06-09,SPY,377.9574890136719
2022-06-10,SPY,366.99835205078125
2022-06-13,SPY,353.0640563964844
2022-06-14,SPY,352.00018310546875
2022-06-15,SPY,357.01837158203125
2022-06-16,SPY,345.2025146484375
2022-06-17,SPY,345.94671630859375
2022-06-21,SPY,354.6554260253906
2022-06-22,SPY,354.012451171875
2022-06-23,SPY,357.482666015625
2022-06-24,SPY,368.8484802246094
2022-06-27,SPY,367.4394836425781
2022-06-28,SPY,359.9316711425781
2022-06-29,SPY,359.63861083984375
2022-06-30,SPY,356.716796875
2022-07-01,SPY,360.4895935058594
2022-07-05,SPY,361.1703796386719
2022-07-06,SPY,362.3902282714844
2022-07-07,SPY,367.8177795410156
2022-07-08,SPY,367.51519775390625
2022-07-11,SPY,363.31683349609375
2022-07-12,SPY,360.1018981933594
2022-07-13,SPY,358.2107238769531
2022-07-14,SPY,357.3408203125
2022-07-15,SPY,364.1678466796875
2022-07-18,SPY,361.1609802246094
2022-07-19,SPY,370.9193115234375
2022-07-20,SPY,373.2831115722656
2022-07-21,SPY,377.0843811035156
2022-07-22,SPY,373.58575439453125
2022-07-25,SPY,374.03961181640625
2022-07-26,SPY,369.6143493652344
2022-07-27,SPY,379.2118835449219
2022-07-28,SPY,383.9681396484375
2022-07-29,SPY,389.56591796875
2022-08-01,SPY,388.412353515625
2022-08-02,SPY,385.8498229980469
2022-08-03,SPY,391.89202880859375
2022-08-04,SPY,391.62725830078125
2022-08-05,SPY,390.9653015136719
2022-08-08,SPY,390.511474609375
2022-08-09,SPY,388.9607238769531
2022-08-10,SPY,397.1304016113281
2022-08-11,SPY,397.1304016113281
2022-08-12,SPY,403.85345458984375
2022-08-15,SPY,405.51763916015625
2022-08-16,SPY,406.31201171875
2022-08-17,SPY,403.4279479980469
2022-08-18,SPY,404.6004333496094
2022-08-19,SPY,399.1634521484375
2022-08-22,SPY,390.8519287109375
2022-08-23,SPY,389.9063415527344
2022-08-24,SPY,391.15435791015625
2022-08-25,SPY,396.67657470703125
2022-08-26,SPY,383.2494812011719
2022-08-29,SPY,380.7154235839844
2022-08-30,SPY,376.535888671875
2022-08-31,SPY,373.6708068847656
2022-09-01,SPY,374.8432922363281
2022-09-02,SPY,370.89093017578125
2022-09-06,SPY,369.4914855957031
2022-09-07,SPY,376.12939453125
2022-09-08,SPY,378.5877685546875
2022-09-09,SPY,384.46923828125
2022-09-12,SPY,388.60150146484375
2022-09-13,SPY,371.7041015625
2022-09-14,SPY,373.1224060058594
2022-09-15,SPY,368.88629150390625
2022-09-16,SPY,366.0720520019531
2022-09-19,SPY,368.9108581542969
2022-09-20,SPY,364.6763916015625
2022-09-21,SPY,358.3150329589844
2022-09-22,SPY,355.3052062988281
2022-09-23,SPY,349.35211181640625
2022-09-26,SPY,345.8961486816406
2022-09-27,SPY,345.01312255859375
2022-09-28,SPY,351.8017272949219
2022-09-29,SPY,344.4529724121094
2022-09-30,SPY,339.12646484375
2022-10-03,SPY,348.0798645019531
2022-10-04,SPY,358.8656921386719
2022-10-05,SPY,358.0301513671875
2022-10-06,SPY,354.3367919921875
2022-10-07,SPY,344.4529724121094
2022-10-10,SPY,341.8230285644531
2022-10-11,SPY,339.658203125
2022-10-12,SPY,338.5378112792969
2022-10-13,SPY,347.4722595214844
2022-10-14,SPY,339.5538330078125
2022-10-17,SPY,348.2792663574219
2022-10-18,SPY,352.3714294433594
2022-10-19,SPY,349.8743591308594
2022-10-20,SPY,346.9405517578125
2022-10-21,SPY,355.37176513671875
2022-10-24,SPY,359.7202453613281
2022-10-25,SPY,365.46441650390625
2022-10-26,SPY,362.7109680175781
2022-10-27,SPY,360.7740478515625
2022-10-28,SPY,369.357177734375
2022-10-31,SPY,366.6891784667969
2022-11-01,SPY,365.0846252441406
2022-11-02,SPY,355.9224548339844
2022-11-03,SPY,352.2574462890625
2022-11-04,SPY,357.32757568359375
2022-11-07,SPY,360.74560546875
2022-11-08,SPY,362.6920471191406
2022-11-09,SPY,355.21978759765625
2022-11-10,SPY,374.74053955078125
2022-11-11,SPY,378.3675231933594
2022-11-14,SPY,375.14886474609375
2022-11-15,SPY,378.3485107421875
2022-11-16,SPY,375.46221923828125
2022-11-17,SPY,374.31329345703125
2022-11-18,SPY,376.01287841796875
2022-11-21,SPY,374.6456604003906
2022-11-22,SPY,379.687255859375
2022-11-23,SPY,382.0799255371094
2022-11-25,SPY,381.9944152832031
2022-11-28,SPY,375.8988952636719
2022-11-29,SPY,375.2532653808594
2022-11-30,SPY,387.0740051269531
2022-12-01,SPY,386.7891845703125
2022-12-02,SPY,386.34295654296875
2022-12-05,SPY,379.3929138183594
2022-12-06,SPY,373.924072265625
2022-12-07,SPY,373.2879333496094
2022-12-08,SPY,376.2122802734375
2022-12-09,SPY,373.40185546875
2022-12-12,SPY,378.7852783203125
2022-12-13,SPY,381.65264892578125
2022-12-14,SPY,379.2124938964844
2022-12-15,SPY,369.936279296875
2022-12-16,SPY,365.5688171386719
2022-12-19,SPY,362.46893310546875
2022-12-20,SPY,362.9649658203125
2022-12-21,SPY,368.39215087890625
2022-12-22,SPY,363.1365966796875
2022-12-23,SPY,365.2254638671875
2022-12-27,SPY,363.78515625
2022-12-28,SPY,359.2641296386719
2022-12-29,SPY,365.7309875488281
2022-12-30,SPY,364.76763916015625
2023-01-03,SPY,363.23199462890625
2023-01-04,SPY,366.0362548828125
2023-01-05,SPY,361.8585205078125
2023-01-06,SPY,370.1567077636719
2023-01-09,SPY,369.9468078613281
2023-01-10,SPY,372.54119873046875
2023-01-11,SPY,377.2530822753906
2023-01-12,SPY,378.6265563964844
2023-01-13,SPY,380.09539794921875
2023-01-17,SPY,379.39910888671875
2023-01-18,SPY,373.40924072265625
2023-01-19,SPY,370.69085693359375
2023-01-20,SPY,377.5964660644531
2023-01-23,SPY,382.1270751953125
2023-01-24,SPY,381.7169494628906
2023-01-25,SPY,381.8599853515625
2023-01-26,SPY,386.0567932128906
2023-01-27,SPY,386.94378662109375
2023-01-30,SPY,382.08892822265625
2023-01-31,SPY,387.7069091796875
2023-02-01,SPY,391.82733154296875
2023-02-02,SPY,397.5311279296875
2023-02-03,SPY,393.3057861328125
2023-02-06,SPY,390.90216064453125
2023-02-07,SPY,396.0146484375
2023-02-08,SPY,391.68426513671875
2023-02-09,SPY,388.2886657714844
2023-02-10,SPY,389.19488525390625
2023-02-13,SPY,393.7635192871094
2023-02-14,SPY,393.5823974609375
2023-02-15,SPY,394.8605651855469
2023-02-16,SPY,389.4237060546875
2023-02-17,SPY,388.4508972167969
2023-02-21,SPY,380.658203125
2023-02-22,SPY,380.13360595703125
2023-02-23,SPY,382.15570068359375
2023-02-24,SPY,378.0733642578125
2023-02-27,SPY,379.3609924316406
2023-02-28,SPY,377.9588623046875
2023-03-01,SPY,376.5090637207031
2023-03-02,SPY,379.43731689453125
2023-03-03,SPY,385.52264404296875
2023-03-06,SPY,385.78973388671875
2023-03-07,SPY,379.8760070800781
2023-03-08,SPY,380.49603271484375
2023-03-09,SPY,373.47601318359375
2023-03-10,SPY,368.08685302734375
2023-03-13,SPY,367.562255859375
2023-03-14,SPY,373.63812255859375
2023-03-15,SPY,371.30120849609375
2023-03-16,SPY,377.8157653808594
2023-03-17,SPY,373.3981018066406
2023-03-20,SPY,376.98858642578125
2023-03-21,SPY,381.9385986328125
2023-03-22,SPY,375.42791748046875
2023-03-23,SPY,376.4428405761719
2023-03-24,SPY,378.9130859375
2023-03-27,SPY,379.6215515136719
2023-03-28,SPY,378.7695007324219
2023-03-29,SPY,384.27490234375
2023-03-30,SPY,386.52484130859375
2023-03-31,SPY,391.9726867675781
2023-04-03,SPY,393.4664001464844
2023-04-04,SPY,391.283447265625
2023-04-05,SPY,390.2588806152344
2023-04-06,SPY,391.78125
2023-04-10,SPY,392.1833801269531
2023-04-11,SPY,392.2887268066406
2023-04-12,SPY,390.6898498535156
2023-04-13,SPY,395.8792419433594
2023-04-14,SPY,394.912109375
2023-04-17,SPY,396.3291931152344
2023-04-18,SPY,396.58770751953125
2023-04-19,SPY,396.5206604003906
2023-04-20,SPY,394.3568115234375
2023-04-21,SPY,394.6632080078125
2023-04-24,SPY,395.074951171875
2023-04-25,SPY,388.8035888671875
2023-04-26,SPY,387.1567077636719
2023-04-27,SPY,394.8643493652344
2023-04-28,SPY,398.2345275878906
2023-05-01,SPY,397.8324279785156
2023-05-02,SPY,393.3611145019531
2023-05-03,SPY,390.66107177734375
2023-05-04,SPY,387.89398193359375
2023-05-05,SPY,395.074951171875
2023-05-08,SPY,395.18023681640625
2023-05-09,SPY,393.4472351074219
2023-05-10,SPY,395.28558349609375
2023-05-11,SPY,394.59619140625
2023-05-12,SPY,394.0792236328125
2023-05-15,SPY,395.4388122558594
2023-05-16,SPY,392.796142578125
2023-05-17,SPY,397.5643615722656
2023-05-18,SPY,401.3941650390625
2023-05-19,SPY,400.81011962890625
2023-05-22,SPY,400.9728698730469
2023-05-23,SPY,396.47283935546875
2023-05-24,SPY,393.6004333496094
2023-05-25,SPY,397.0089111328125
2023-05-26,SPY,402.1504821777344
2023-05-30,SPY,402.3037109375
2023-05-31,SPY,400.07281494140625
2023-06-01,SPY,403.8739013671875
2023-06-02,SPY,409.71441650390625
2023-06-05,SPY,408.9293212890625
2023-06-06,SPY,409.81976318359375
2023-06-07,SPY,408.402587890625
2023-06-08,SPY,410.8729553222656
2023-06-09,SPY,411.61016845703125
2023-06-12,SPY,415.34429931640625
2023-06-13,SPY,418.08258056640625
2023-06-14,SPY,418.5804443359375
2023-06-15,SPY,423.7698669433594
2023-06-16,SPY,422.3263854980469
2023-06-20,SPY,420.1352844238281
2023-06-21,SPY,417.9826354980469
2023-06-22,SPY,419.4914245605469
2023-06-23,SPY,416.3200988769531
2023-06-26,SPY,414.6191101074219
2023-06-27,SPY,419.16473388671875
2023-06-28,SPY,419.3761291503906
2023-06-29,SPY,421.029052734375
2023-06-30,SPY,425.99749755859375
2023-07-03,SPY,426.487548828125
2023-07-05,SPY,425.8533630371094
2023-07-06,SPY,422.5185852050781
2023-07-07,SPY,421.451904296875
2023-07-10,SPY,422.5185852050781
2023-07-11,SPY,425.20947265625
2023-07-12,SPY,428.6306457519531
2023-07-13,SPY,432.0326843261719
2023-07-14,SPY,431.7635192871094
2023-07-17,SPY,433.2627258300781
2023-07-18,SPY,436.482177734375
2023-07-19,SPY,437.4527587890625
2023-07-20,SPY,434.5505065917969
2023-07-21,SPY,434.5505065917969
2023-07-24,SPY,436.4918212890625
2023-07-25,SPY,437.6834411621094
2023-07-26,SPY,437.75067138671875
2023-07-27,SPY,434.848388671875
2023-07-28,SPY,439.1056823730469
2023-07-31,SPY,439.94183349609375
2023-08-01,SPY,438.6828918457031
2023-08-02,SPY,432.5804138183594
2023-08-03,SPY,431.3406677246094
2023-08-04,SPY,429.3898010253906
2023-08-07,SPY,433.1377868652344
2023-08-08,SPY,431.25421142578125
2023-08-09,SPY,428.3711853027344
2023-08-10,SPY,428.5249328613281
2023-08-11,SPY,428.27508544921875
2023-08-14,SPY,430.6392517089844
2023-08-15,SPY,425.6226806640625
2023-08-16,SPY,422.4994201660156
2023-08-17,SPY,419.2799987792969
2023-08-18,SPY,419.4818420410156
2023-08-21,SPY,422.2110900878906
2023-08-22,SPY,421.0674743652344
2023-08-23,SPY,425.7572326660156
2023-08-24,SPY,419.85662841796875
2023-08-25,SPY,422.8164978027344
2023-08-28,SPY,425.497802734375
2023-08-29,SPY,431.648193359375
2023-08-30,SPY,433.42608642578125
2023-08-31,SPY,432.7918395996094
2023-09-01,SPY,433.59906005859375
2023-09-05,SPY,431.72509765625
2023-09-06,SPY,428.8229064941406
2023-09-07,SPY,427.5063171386719
2023-09-08,SPY,428.1501159667969
2023-09-11,SPY,430.9659729003906
2023-09-12,SPY,428.60186767578125
2023-09-13,SPY,429.10150146484375
2023-09-14,SPY,432.80145263671875
2023-09-15,SPY,427.5869140625
2023-09-18,SPY,427.8376770019531
2023-09-19,SPY,426.950439453125
2023-09-20,SPY,423.02532958984375
2023-09-21,SPY,416.0334167480469
2023-09-22,SPY,415.0979309082031
2023-09-25,SPY,416.843505859375
2023-09-26,SPY,410.71954345703125
2023-09-27,SPY,410.8834533691406
2023-09-28,SPY,413.26556396484375
2023-09-29,SPY,412.2626037597656
2023-10-02,SPY,412.0986022949219
2023-10-03,SPY,406.5822448730469
2023-10-04,SPY,409.54290771484375
2023-10-05,SPY,409.3886413574219
2023-10-06,SPY,414.2492370605469
2023-10-09,SPY,416.9013366699219
2023-10-10,SPY,419.0712585449219
2023-10-11,SPY,420.78790283203125
2023-10-12,SPY,418.22259521484375
2023-10-13,SPY,416.1394958496094
2023-10-16,SPY,420.5178527832031
2023-10-17,SPY,420.49853515625
2023-10-18,SPY,414.8953857421875
2023-10-19,SPY,411.25
2023-10-20,SPY,406.19647216796875
2023-10-23,SPY,405.49249267578125
2023-10-24,SPY,408.54962158203125
2023-10-25,SPY,402.68609619140625
2023-10-26,SPY,397.864013671875
2023-10-27,SPY,396.06060791015625
2023-10-30,SPY,400.7958068847656
2023-10-31,SPY,403.3129577636719
2023-11-01,SPY,407.6142272949219
2023-11-02,SPY,415.42584228515625
2023-11-03,SPY,419.2159423828125
2023-11-06,SPY,420.1803283691406
2023-11-07,SPY,421.37615966796875
2023-11-08,SPY,421.6847839355469
2023-11-09,SPY,418.3961486816406
2023-11-10,SPY,424.9252014160156
2023-11-13,SPY,424.5201721191406
2023-11-14,SPY,432.756103515625
2023-11-15,SPY,433.6723327636719
2023-11-16,SPY,434.2027587890625
2023-11-17,SPY,434.7428283691406
2023-11-20,SPY,438.0892639160156
2023-11-21,SPY,437.1344909667969
2023-11-22,SPY,438.82220458984375
2023-11-24,SPY,439.09222412109375
2023-11-27,SPY,438.3013610839844
2023-11-28,SPY,438.73541259765625
2023-11-29,SPY,438.4267578125
2023-11-30,SPY,440.1530456542969
2023-12-01,SPY,442.75701904296875
2023-12-04,SPY,440.4327697753906
2023-12-05,SPY,440.3459777832031
2023-12-06,SPY,438.5715026855469
2023-12-07,SPY,441.91790771484375
2023-12-08,SPY,443.81781005859375
2023-12-11,SPY,445.5440673828125
2023-12-12,SPY,447.5789489746094
2023-12-13,SPY,453.751220703125
2023-12-14,SPY,455.2074279785156
2023-12-15,SPY,454.45794677734375
2023-12-18,SPY,457.01434326171875
2023-12-19,SPY,459.7933044433594
2023-12-20,SPY,453.4218444824219
2023-12-21,SPY,457.72113037109375
2023-12-22,SPY,458.64105224609375
2023-12-26,SPY,460.5776672363281
2023-12-27,SPY,461.41046142578125
2023-12-28,SPY,461.5846862792969
2023-12-29,SPY,460.2484130859375
2024-01-02,SPY,457.67266845703125
2024-01-03,SPY,453.93505859375
2024-01-04,SPY,452.472900390625
2024-01-05,SPY,453.09259033203125
2024-01-08,SPY,459.5609436035156
2024-01-09,SPY,458.8638000488281
2024-01-10,SPY,461.4588623046875
2024-01-11,SPY,461.2555236816406
2024-01-12,SPY,461.57501220703125
2024-01-16,SPY,459.8804626464844
2024-01-17,SPY,457.3241271972656
2024-01-18,SPY,461.39105224609375
2024-01-19,SPY,467.1428527832031
2024-01-22,SPY,468.1304931640625
2024-01-23,SPY,469.4958190917969
2024-01-24,SPY,470.009033203125
2024-01-25,SPY,472.5653381347656
2024-01-26,SPY,471.9649963378906
2024-01-29,SPY,475.7026672363281
2024-01-30,SPY,475.334716796875
2024-01-31,SPY,467.5785827636719
2024-02-01,SPY,473.69830322265625
2024-02-02,SPY,478.6850891113281
2024-02-05,SPY,476.942138671875
2024-02-06,SPY,478.3268737792969
2024-02-07,SPY,482.3162841796875
2024-02-08,SPY,482.529296875
2024-02-09,SPY,485.31805419921875
2024-02-12,SPY,485.10498046875
2024-02-13,SPY,478.42364501953125
2024-02-14,SPY,482.7713928222656
2024-02-15,SPY,486.10235595703125
2024-02-16,SPY,483.6816101074219
2024-02-20,SPY,481.0187072753906
2024-02-21,SPY,481.4544982910156
2024-02-22,SPY,491.4184265136719
2024-02-23,SPY,491.7573547363281
2024-02-26,SPY,489.95623779296875
2024-02-27,SPY,490.86639404296875
2024-02-28,SPY,490.2176818847656
2024-02-29,SPY,491.98004150390625
2024-03-01,SPY,496.598876953125
2024-03-04,SPY,496.0662841796875
2024-03-05,SPY,491.1085205078125
2024-03-06,SPY,493.5970458984375
2024-03-07,SPY,498.4967956542969
2024-03-08,SPY,495.5046691894531
2024-03-11,SPY,495.07861328125
2024-03-12,SPY,500.4044189453125
2024-03-13,SPY,499.6199645996094
2024-03-14,SPY,498.63232421875
2024-03-15,SPY,495.2083740234375
2024-03-18,SPY,498.1515197753906
2024-03-19,SPY,500.9198303222656
2024-03-20,SPY,505.5529479980469
2024-03-21,SPY,507.22369384765625
2024-03-22,SPY,506.2620544433594
2024-03-25,SPY,504.8633117675781
2024-03-26,SPY,503.93084716796875
2024-03-27,SPY,508.1658020019531
2024-03-28,SPY,508.0686950683594
2024-04-01,SPY,507.1846923828125
2024-04-02,SPY,503.9600830078125
2024-04-03,SPY,504.5135803222656
2024-04-04,SPY,498.3554992675781
2024-04-05,SPY,503.56170654296875
2024-04-08,SPY,503.84344482421875
2024-04-09,SPY,504.4263000488281
2024-04-10,SPY,499.3753967285156
2024-04-11,SPY,503.14422607421875
2024-04-12,SPY,496.1991271972656
2024-04-15,SPY,489.9827575683594
2024-04-16,SPY,489.0891418457031
2024-04-17,SPY,486.1945495605469
2024-04-18,SPY,485.194091796875
2024-04-19,SPY,480.9591064453125
2024-04-22,SPY,485.3883972167969
2024-04-23,SPY,491.1483154296875
2024-04-24,SPY,490.91522216796875
2024-04-25,SPY,489.0502014160156
2024-04-26,SPY,493.6835021972656
2024-04-29,SPY,495.4319152832031
2024-04-30,SPY,487.5835876464844
2024-05-01,SPY,486.0003662109375
2024-05-02,SPY,490.5460510253906
2024-05-03,SPY,496.62652587890625
2024-05-06,SPY,501.755126953125
2024-05-07,SPY,502.3088073730469
2024-05-08,SPY,502.3573303222656
2024-05-09,SPY,505.2517395019531
2024-05-10,SPY,505.9027099609375
2024-05-13,SPY,505.9706726074219
2024-05-14,SPY,508.29205322265625
2024-05-15,SPY,514.5863037109375
2024-05-16,SPY,513.5275268554688
2024-05-17,SPY,514.2657470703125
2024-05-20,SPY,514.8582763671875
2024-05-21,SPY,516.1209716796875
2024-05-22,SPY,514.6348876953125
2024-05-23,SPY,510.8758850097656
2024-05-24,SPY,514.2559814453125
2024-05-28,SPY,514.6155395507812
2024-05-29,SPY,511.0118103027344
2024-05-30,SPY,507.6218566894531
2024-05-31,SPY,512.2454833984375
2024-06-03,SPY,512.6630859375
2024-06-04,SPY,513.2361450195312
2024-06-05,SPY,519.3360595703125
2024-06-06,SPY,519.3262939453125
2024-06-07,SPY,518.6949462890625
2024-06-10,SPY,520.297607421875
2024-06-11,SPY,521.5505981445312
2024-06-12,SPY,525.834228515625
2024-06-13,SPY,526.892822265625
2024-06-14,SPY,527.2134399414062
2024-06-17,SPY,531.4095458984375
2024-06-18,SPY,532.7597045898438
2024-06-20,SPY,531.3124389648438
2024-06-21,SPY,530.60009765625
2024-06-24,SPY,528.8753662109375
2024-06-25,SPY,530.9119262695312
2024-06-26,SPY,531.5745849609375
2024-06-27,SPY,532.41259765625
2024-06-28,SPY,530.3175048828125
2024-07-01,SPY,531.4089965820312
2024-07-02,SPY,534.9852294921875
2024-07-03,SPY,537.3726196289062
2024-07-05,SPY,540.4713134765625
2024-07-08,SPY,541.0950317382812
2024-07-09,SPY,541.6212158203125
2024-07-10,SPY,546.9805908203125
2024-07-11,SPY,542.2642822265625
2024-07-12,SPY,545.6846313476562
2024-07-15,SPY,547.185302734375
2024-07-16,SPY,550.4302978515625
2024-07-17,SPY,542.712646484375
2024-07-18,SPY,538.5419311523438
2024-07-19,SPY,534.9657592773438
2024-07-22,SPY,540.4811401367188
2024-07-23,SPY,539.63330078125
2024-07-24,SPY,527.4039306640625
2024-07-25,SPY,524.6558837890625
2024-07-26,SPY,530.531982421875
2024-07-29,SPY,530.8436889648438
2024-07-30,SPY,528.154296875
2024-07-31,SPY,536.7391967773438
2024-08-01,SPY,529.1384887695312
2024-08-02,SPY,519.2867431640625
2024-08-05,SPY,504.16314697265625
2024-08-06,SPY,508.8113708496094
2024-08-07,SPY,505.410400390625
2024-08-08,SPY,517.0941772460938
2024-08-09,SPY,519.3743896484375
2024-08-12,SPY,519.6472778320312
2024-08-13,SPY,528.1931762695312
2024-08-14,SPY,529.8594970703125
2024-08-15,SPY,538.9414672851562
2024-08-16,SPY,540.1497192382812
2024-08-19,SPY,545.3143920898438
2024-08-20,SPY,544.427490234375
2024-08-21,SPY,546.2985229492188
2024-08-22,SPY,542.0109252929688
2024-08-23,SPY,547.7699584960938
2024-08-26,SPY,546.4641723632812
2024-08-27,SPY,547.2145385742188
2024-08-28,SPY,544.037841796875
2024-08-29,SPY,544.0865478515625
2024-08-30,SPY,549.2802734375
2024-09-03,SPY,537.976806640625
2024-09-04,SPY,536.8756103515625
2024-09-05,SPY,535.5697631835938
2024-09-06,SPY,526.5560913085938
2024-09-09,SPY,532.4515380859375
2024-09-10,SPY,534.7708129882812
2024-09-11,SPY,540.2568969726562
2024-09-12,SPY,544.8077392578125
2024-09-13,SPY,547.653076171875
2024-09-16,SPY,548.4619140625
2024-09-17,SPY,548.6859741210938
2024-09-18,SPY,547.0587158203125
2024-09-19,SPY,556.3938598632812
2024-09-20,SPY,555.4320678710938
2024-09-23,SPY,556.820068359375
2024-09-24,SPY,558.4132080078125
2024-09-25,SPY,557.1817016601562
2024-09-26,SPY,559.3908081054688
2024-09-27,SPY,558.5794677734375
2024-09-30,SPY,560.8178100585938
2024-10-01,SPY,555.7937622070312
2024-10-02,SPY,556.0283813476562
2024-10-03,SPY,555.0118408203125
2024-10-04,SPY,560.055419921875
2024-10-07,SPY,554.9922485351562
2024-10-08,SPY,560.2410888671875
2024-10-09,SPY,564.1215209960938
2024-10-10,SPY,563.1344604492188
2024-10-11,SPY,566.5065307617188
2024-10-14,SPY,571.1396484375
2024-10-15,SPY,566.7020263671875
2024-10-16,SPY,569.1652221679688
2024-10-17,SPY,569.2139892578125
2024-10-18,SPY,571.4036254882812
2024-10-21,SPY,570.4651489257812
2024-10-22,SPY,570.1622314453125
2024-10-23,SPY,564.9524536132812
2024-10-24,SPY,566.174072265625
2024-10-25,SPY,565.9786987304688
2024-10-28,SPY,567.7284545898438
2024-10-29,SPY,568.6470947265625
2024-10-30,SPY,566.9269409179688
2024-10-31,SPY,555.8134155273438
2024-11-01,SPY,558.1591186523438
2024-11-04,SPY,556.9568481445312
2024-11-05,SPY,563.6915893554688
2024-11-06,SPY,577.7080078125
2024-11-07,SPY,582.1749267578125
2024-11-08,SPY,584.6967163085938
2024-11-11,SPY,585.2537841796875
2024-11-12,SPY,583.4359741210938
2024-11-13,SPY,583.7192993164062
2024-11-14,SPY,579.9659423828125
2024-11-15,SPY,572.5374145507812
2024-11-18,SPY,574.8832397460938
2024-11-19,SPY,576.9846801757812
2024-11-20,SPY,577.18017578125
2024-11-21,SPY,580.2786865234375
2024-11-22,SPY,582.0772705078125
2024-11-25,SPY,584.0517578125
2024-11-26,SPY,587.101318359375
2024-11-27,SPY,585.322265625
2024-11-29,SPY,588.9584350585938
2024-12-02,SPY,590.0140380859375
2024-12-03,SPY,590.2877197265625
2024-12-04,SPY,593.953125
2024-12-05,SPY,592.9757080078125
2024-12-06,SPY,594.0997314453125
2024-12-09,SPY,591.040283203125
2024-12-10,SPY,589.2027587890625
2024-12-11,SPY,593.7576293945312
2024-12-12,SPY,590.6982421875
2024-12-13,SPY,590.5809326171875
2024-12-16,SPY,593.1027221679688
2024-12-17,SPY,590.6591186523438
2024-12-18,SPY,573.055419921875
2024-12-19,SPY,572.8794555664062
2024-12-20,SPY,579.7603759765625
2024-12-23,SPY,583.2320556640625
2024-12-24,SPY,589.7147216796875
2024-12-26,SPY,589.7539672851562
2024-12-27,SPY,583.5459594726562
2024-12-30,SPY,576.8867797851562
2024-12-31,SPY,574.7880249023438
2025-01-02,SPY,573.3756713867188
2025-01-03,SPY,580.5448608398438
2025-01-06,SPY,583.8892211914062
2025-01-07,SPY,577.2888793945312
2025-01-08,SPY,578.13232421875
2025-01-10,SPY,569.3056640625
2025-01-13,SPY,570.1882934570312
2025-01-14,SPY,570.9729614257812
2025-01-15,SPY,581.3589477539062
2025-01-16,SPY,580.2408447265625
2025-01-17,SPY,586.0664672851562
2025-01-21,SPY,591.4309692382812
2025-01-22,SPY,594.755615234375
2025-01-23,SPY,598.001953125
2025-01-24,SPY,596.2561645507812
2025-01-27,SPY,587.8218994140625
2025-01-28,SPY,592.8727416992188
2025-01-29,SPY,590.2149047851562
2025-01-30,SPY,593.3826293945312
2025-01-31,SPY,590.2246704101562
2025-02-03,SPY,586.2528076171875
2025-02-04,SPY,590.185546875
2025-02-05,SPY,592.578369140625
2025-02-06,SPY,594.6380004882812
2025-02-07,SPY,589.1949462890625
2025-02-10,SPY,593.1962280273438
2025-02-11,SPY,593.6474609375
2025-02-12,SPY,591.735107421875
2025-02-13,SPY,597.9822998046875
2025-02-14,SPY,597.952880859375
2025-02-18,SPY,599.7083129882812
2025-02-19,SPY,601.12060546875
2025-02-20,SPY,598.6198120117188
2025-02-21,SPY,588.3809204101562
2025-02-24,SPY,585.7035522460938
2025-02-25,SPY,582.790771484375
2025-02-26,SPY,583.0850219726562
2025-02-27,SPY,573.7777709960938
2025-02-28,SPY,582.7318725585938
2025-03-03,SPY,572.5224609375
2025-03-04,SPY,565.74560546875
2025-03-05,SPY,571.8261108398438
2025-03-06,SPY,561.675537109375
2025-03-07,SPY,564.8236694335938
2025-03-10,SPY,549.779296875
2025-03-11,SPY,545.2090454101562
2025-03-12,SPY,548.1022338867188
2025-03-13,SPY,540.7957763671875
2025-03-14,SPY,551.9662475585938
2025-03-17,SPY,556.2227172851562
2025-03-18,SPY,550.2107543945312
2025-03-19,SPY,556.203125
2025-03-20,SPY,554.5947265625
2025-03-21,SPY,554.777587890625
2025-03-24,SPY,564.712890625
2025-03-25,SPY,566.0703735351562
2025-03-26,SPY,559.3124389648438
2025-03-27,SPY,557.8272094726562
2025-03-28,SPY,546.5933837890625
2025-03-31,SPY,550.2625732421875
2025-04-01,SPY,551.8167114257812
2025-04-02,SPY,555.3088989257812
2025-04-03,SPY,527.9427490234375
2025-04-04,SPY,497.03546142578125
2025-04-07,SPY,496.1501159667969
2025-04-08,SPY,488.3790588378906
2025-04-09,SPY,539.668212890625
2025-04-10,SPY,516.0204467773438
2025-04-11,SPY,525.2278442382812
2025-04-14,SPY,530.3233032226562
2025-04-15,SPY,528.837890625
2025-04-16,SPY,517.0829467773438
2025-04-17,SPY,517.8206176757812
2025-04-21,SPY,505.4951477050781
2025-04-22,SPY,518.6468505859375
2025-04-23,SPY,526.6836547851562
2025-04-24,SPY,537.7697143554688
2025-04-25,SPY,541.6552734375
2025-04-28,SPY,541.8618774414062
2025-04-29,SPY,545.2752075195312
2025-04-30,SPY,545.4916381835938
2025-05-01,SPY,549.3575439453125
2025-05-02,SPY,557.5123291015625
2025-05-05,SPY,554.3153076171875
2025-05-06,SPY,549.68212890625
2025-05-07,SPY,551.9938354492188
2025-05-08,SPY,555.840087890625
2025-05-09,SPY,555.1317749023438
2025-05-12,SPY,573.4774780273438
2025-05-13,SPY,577.2646484375
2025-05-14,SPY,578.00244140625
2025-05-15,SPY,580.8256225585938
2025-05-16,SPY,584.504638671875
2025-05-19,SPY,585.1439819335938
2025-05-20,SPY,583.1766357421875
2025-05-21,SPY,573.3495483398438
2025-05-22,SPY,573.5758666992188
2025-05-23,SPY,569.6607055664062
2025-05-27,SPY,581.50439453125
2025-05-28,SPY,578.14013671875
2025-05-29,SPY,580.4222412109375
2025-05-30,SPY,579.77294921875
2025-06-02,SPY,583.038818359375
2025-06-03,SPY,586.36376953125
2025-06-04,SPY,586.2063598632812
2025-06-05,SPY,583.3733520507812
2025-06-06,SPY,589.364013671875
2025-06-09,SPY,589.8951416015625
2025-06-10,SPY,593.2396850585938
2025-06-11,SPY,591.5476684570312
2025-06-12,SPY,593.8987426757812
2025-06-13,SPY,587.2588500976562
2025-06-16,SPY,592.84619140625
2025-06-17,SPY,587.7802124023438
2025-06-18,SPY,587.6917114257812
2025-06-20,SPY,586.3114624023438
2025-06-23,SPY,592.102783203125
2025-06-24,SPY,598.6438598632812
2025-06-25,SPY,598.9793701171875
2025-06-26,SPY,603.6655883789062
2025-06-27,SPY,606.6648559570312
2025-06-30,SPY,609.5653686523438
2025-07-01,SPY,609.3681030273438
2025-07-02,SPY,612.130615234375
2025-07-03,SPY,616.9549560546875
2025-07-07,SPY,612.3574829101562
2025-07-08,SPY,612.0220336914062
2025-07-09,SPY,615.692138671875
2025-07-10,SPY,617.4285278320312
2025-07-11,SPY,615.2579956054688
2025-07-14,SPY,616.43212890625
2025-07-15,SPY,613.7978515625
2025-07-16,SPY,615.8499755859375
2025-07-17,SPY,619.6187133789062
2025-07-18,SPY,619.1649169921875
2025-07-21,SPY,620.3389282226562
2025-07-22,SPY,620.4276733398438
2025-07-23,SPY,625.7060546875
2025-07-24,SPY,625.9132080078125
2025-07-25,SPY,628.5572509765625
2025-07-28,SPY,628.3994140625
2025-07-29,SPY,626.7420043945312
2025-07-30,SPY,625.9526977539062
2025-07-31,SPY,623.6046142578125
2025-08-01,SPY,613.383544921875
2025-08-04,SPY,622.706787109375
2025-08-05,SPY,619.5496215820312
2025-08-06,SPY,624.2952270507812
2025-08-07,SPY,623.7723388671875
2025-08-08,SPY,628.6361694335938
2025-08-11,SPY,627.39306640625
2025-08-12,SPY,634.072265625
2025-08-13,SPY,636.2428588867188
2025-08-14,SPY,636.3019409179688
2025-08-15,SPY,634.812255859375
2025-08-18,SPY,634.6741333007812
2025-08-19,SPY,631.23095703125
2025-08-20,SPY,629.5537109375
2025-08-21,SPY,627.028076171875
2025-08-22,SPY,636.6571655273438
2025-08-25,SPY,633.855224609375
2025-08-26,SPY,636.5092163085938
2025-08-27,SPY,637.95947265625
2025-08-28,SPY,640.2188110351562
2025-08-29,SPY,636.400634765625
2025-09-02,SPY,631.6847534179688
2025-09-03,SPY,635.1082153320312
2025-09-04,SPY,640.4161376953125
2025-09-05,SPY,638.561279296875
2025-09-08,SPY,640.1300659179688
2025-09-09,SPY,641.60986328125
2025-09-10,SPY,643.4646606445312
2025-09-11,SPY,648.8119506835938
2025-09-12,SPY,648.5949096679688
2025-09-15,SPY,652.0480346679688
2025-09-16,SPY,651.1502075195312
2025-09-17,SPY,650.3412475585938
2025-09-18,SPY,653.3799438476562
2025-09-19,SPY,656.615966796875
2025-09-22,SPY,659.7225341796875
2025-09-23,SPY,656.1312255859375
2025-09-24,SPY,654.0436401367188
2025-09-25,SPY,651.0263061523438
2025-09-26,SPY,654.756103515625
2025-09-29,SPY,656.59619140625
2025-09-30,SPY,659.0695190429688
2025-10-01,SPY,661.3153686523438
2025-10-02,SPY,662.0769653320312
2025-10-03,SPY,662.0672607421875
2025-10-06,SPY,664.4415283203125
2025-10-07,SPY,661.9781494140625
2025-10-08,SPY,665.925537109375
2025-10-09,SPY,663.996337890625
2025-10-10,SPY,646.0499877929688
2025-10-13,SPY,655.9629516601562
2025-10-14,SPY,655.16162109375
2025-10-15,SPY,658.0702514648438
2025-10-16,SPY,653.5887451171875
2025-10-17,SPY,657.298583984375
2025-10-20,SPY,664.1348876953125
2025-10-21,SPY,664.1249389648438
2025-10-22,SPY,660.6722412109375
2025-10-23,SPY,664.5899047851562
2025-10-24,SPY,670.0213623046875
2025-10-27,SPY,677.926025390625
2025-10-28,SPY,679.7265625
2025-10-29,SPY,680.05322265625
2025-10-30,SPY,672.5738525390625
2025-10-31,SPY,674.7799682617188
2025-11-03,SPY,676.04638671875
2025-11-04,SPY,668.0328369140625
2025-11-05,SPY,670.3478393554688
2025-11-06,SPY,663.1554565429688
2025-11-07,SPY,663.8082885742188
2025-11-10,SPY,674.1666259765625
2025-11-11,SPY,675.7100219726562
2025-11-12,SPY,676.0859985351562
2025-11-13,SPY,664.8670043945312
2025-11-14,SPY,664.7581176757812
2025-11-17,SPY,658.56494140625
2025-11-18,SPY,653.03466796875
2025-11-19,SPY,655.5574951171875
2025-11-20,SPY,645.5652465820312
2025-11-21,SPY,651.995849609375
2025-11-24,SPY,661.59228515625
2025-11-25,SPY,667.815185546875
2025-11-26,SPY,672.4254760742188
2025-11-28,SPY,676.0958251953125
2025-12-01,SPY,673.0091552734375
2025-12-02,SPY,674.2557373046875
2025-12-03,SPY,676.5905151367188
2025-12-04,SPY,677.085205078125
2025-12-05,SPY,678.3712768554688
2025-12-08,SPY,676.3333740234375
2025-12-09,SPY,675.7495727539062
2025-12-10,SPY,680.2312622070312
2025-12-11,SPY,681.8141479492188
2025-12-12,SPY,674.4832763671875
2025-12-15,SPY,673.4641723632812
2025-12-16,SPY,671.6240844726562
2025-12-17,SPY,664.2337646484375
2025-12-18,SPY,669.2496337890625
2025-12-19,SPY,675.3153686523438
2025-12-22,SPY,679.5224609375
2025-12-23,SPY,682.6282348632812
2025-12-24,SPY,685.0294799804688
2025-12-26,SPY,684.9599609375
2025-12-29,SPY,682.51904296875
2025-12-30,SPY,681.685546875
2025-12-31,SPY,676.635009765625
2026-01-02,SPY,677.8753051757812
2026-01-05,SPY,682.3900756835938
2026-01-06,SPY,686.4484252929688
2026-01-07,SPY,684.2356567382812
2026-01-08,SPY,684.1661987304688
2026-01-09,SPY,688.6908569335938
2026-01-12,SPY,689.7723999023438
2026-01-13,SPY,688.3932495117188
2026-01-14,SPY,685.009521484375
2026-01-15,SPY,686.8750610351562
2026-01-16,SPY,686.2994995117188
2026-01-20,SPY,672.3286743164062
2026-01-21,SPY,680.0880737304688
2026-01-22,SPY,683.6402587890625
2026-01-23,SPY,683.8883666992188
2026-01-26,SPY,687.3612060546875
2026-01-27,SPY,690.099853515625
2026-01-28,SPY,690.0303344726562
2026-01-29,SPY,688.6610717773438
2026-01-30,SPY,686.6071166992188
2026-02-02,SPY,690.0204467773438
2026-02-03,SPY,684.18603515625
2026-02-04,SPY,680.8719482421875
2026-02-05,SPY,672.3682861328125
2026-02-06,SPY,685.2676391601562
2026-02-09,SPY,688.5718383789062
2026-02-10,SPY,686.7559814453125
2026-02-11,SPY,686.5972290039062
2026-02-12,SPY,675.9900512695312
2026-02-13,SPY,676.4663696289062
2026-02-17,SPY,677.5578002929688
2026-02-18,SPY,680.97119140625
2026-02-19,SPY,679.1751708984375
2026-02-20,SPY,684.0867919921875
2026-02-23,SPY,677.1013793945312
2026-02-24,SPY,682.0228881835938
2026-02-25,SPY,687.7780151367188
2026-02-26,SPY,683.9578247070312
2026-02-27,SPY,680.6734619140625
2026-03-02,SPY,681.0604858398438
2026-03-03,SPY,675.0573120117188
2026-03-04,SPY,679.8201293945312
2026-03-05,SPY,676.0297241210938
2026-03-06,SPY,667.1689453125
2026-03-09,SPY,673.0133056640625
2026-03-10,SPY,671.9317016601562
2026-03-11,SPY,671.08837890625
2026-03-12,SPY,660.89794921875
2026-03-13,SPY,657.1571655273438
2026-03-16,SPY,663.844970703125
2026-03-17,SPY,665.5912475585938
2026-03-18,SPY,656.3038330078125
2026-03-19,SPY,654.6864624023438
2026-03-20,SPY,645.3009643554688
2026-03-23,SPY,652.07666015625
2026-03-24,SPY,649.8877563476562
2026-03-25,SPY,653.5094604492188
2026-03-26,SPY,641.838623046875
2026-03-27,SPY,630.89404296875
2026-03-30,SPY,628.78466796875
2026-03-31,SPY,647.0621337890625
2026-04-01,SPY,651.9373779296875
2026-04-02,SPY,652.5244750976562
2026-04-06,SPY,655.6087646484375
2026-04-07,SPY,655.8972778320312
2026-04-08,SPY,672.6027221679688
2026-04-09,SPY,676.4830322265625
2026-04-10,SPY,676.0353393554688
2026-04-13,SPY,682.6417846679688
2026-04-14,SPY,690.959716796875
2026-04-15,SPY,696.412109375
2026-04-16,SPY,698.1234130859375
2026-04-17,SPY,706.5607299804688
2026-04-20,SPY,705.1477661132812
2026-04-21,SPY,700.53125
2026-04-22,SPY,707.6253051757812
2026-04-23,SPY,704.8792114257812
2026-04-24,SPY,710.3414916992188
2026-04-27,SPY,711.5653686523438
2026-04-28,SPY,708.1029052734375
2026-04-29,SPY,707.993408203125
2026-04-30,SPY,715.0377197265625
2026-05-01,SPY,717.0177001953125
2026-05-04,SPY,714.3909912109375
2026-05-05,SPY,720.1220092773438
2026-05-06,SPY,730.1312866210938
2026-05-07,SPY,727.8926391601562
2026-05-08,SPY,733.9021606445312
2026-05-11,SPY,735.5736694335938
2026-05-12,SPY,734.4593505859375
2026-05-13,SPY,738.5685424804688
2026-05-14,SPY,744.3989868164062
2026-05-15,SPY,735.4443969726562
2026-05-18,SPY,734.927001953125
2026-05-19,SPY,730.03173828125
2026-05-20,SPY,737.5138549804688
2026-05-21,SPY,738.9764404296875
2026-05-22,SPY,741.8817749023438
2026-05-26,SPY,746.8068237304688
2026-05-27,SPY,746.6774291992188
2026-05-28,SPY,750.7965698242188
2026-05-29,SPY,752.6671142578125
2026-06-01,SPY,754.7166748046875
2026-06-02,SPY,755.7415771484375
2026-06-03,SPY,750.4384155273438
2026-06-04,SPY,753.2740478515625
2026-06-05,SPY,733.83251953125
2026-06-08,SPY,735.4940795898438
2026-06-09,SPY,733.3350830078125
2026-06-10,SPY,721.7736206054688
2026-06-11,SPY,734.04150390625
2026-06-12,SPY,738.0113525390625
2026-06-15,SPY,751.0254516601562
2026-06-16,SPY,746.5481567382812
2026-06-17,SPY,737.225341796875
2026-06-18,SPY,744.8902587890625
2026-06-22,SPY,742.546142578125
2026-06-23,SPY,731.7628784179688
2026-06-24,SPY,731.4237060546875
2026-06-25,SPY,732.4810791015625
2026-06-26,SPY,727.1842651367188
2026-06-29,SPY,739.1644897460938
2026-06-30,SPY,744.9202270507812
2026-07-01,SPY,743.9127197265625
2026-07-02,SPY,742.9351806640625
2026-07-06,SPY,749.4190673828125
2026-07-07,SPY,745.85791015625
2026-07-08,SPY,743.5536499023438
2026-07-09,SPY,749.8480224609375
2026-07-10,SPY,753.0799560546875
2026-07-13,SPY,747.3142700195312
2026-07-14,SPY,749.9677124023438
2026-07-15,SPY,752.9403076171875
2026-07-16,SPY,748.8604125976562
2026-07-17,SPY,741.4487915039062
2026-07-20,SPY,740.2518310546875
2026-07-21,SPY,746.426513671875
2026-07-22,SPY,745.55859375
2026-07-23,SPY,736.3515014648438
2026-07-24,SPY,737.099609375
2026-07-27,SPY,737.25927734375
2026-07-28,SPY,739.0248413085938
2026-07-29,SPY,727.6531372070312
2026-07-30,SPY,739.852783203125
2026-07-31,SPY,745.1796264648438
2026-08-03,SPY,755.793212890625
2026-08-04,SPY,769.4193725585938
2026-08-05,SPY,767.8831787109375
2026-08-06,SPY,766.65625
2026-08-07,SPY,771.3446044921875
2026-08-10,SPY,771.1151733398438
2026-08-11,SPY,768.6513061523438
2026-08-12,SPY,770.5764770507812
2026-08-13,SPY,775.9531860351562
2026-08-14,SPY,774.4169921875
2026-08-17,SPY,770.7560424804688
2026-08-18,SPY,765.5490112304688
2026-08-19,SPY,767.1549682617188
2026-08-20,SPY,760.7109985351562
2026-08-21,SPY,763.8232421875
2026-08-24,SPY,761.5787963867188
2026-08-25,SPY,764.0127563476562
2026-08-26,SPY,764.182373046875
2026-08-27,SPY,769.18994140625
2026-08-28,SPY,767.4442749023438
2026-08-31,SPY,765.1499633789062
2026-09-01,SPY,759.89306640625
2026-09-02,SPY,763.2646484375
2026-09-03,SPY,771.2548217773438
2026-09-04,SPY,768.2822265625
2026-09-08,SPY,764.0626831054688
2026-09-09,SPY,760.5115356445312
2026-09-10,SPY,755.9528198242188
2026-09-11,SPY,762.3967895507812
2026-09-14,SPY,758.9952392578125
2026-09-15,SPY,755.513916015625
2026-09-16,SPY,752.1821899414062
2026-09-17,SPY,760.7109985351562
2026-09-18,SPY,761.6900024414062
2026-09-21,SPY,773.5
2026-09-22,SPY,773.3800048828125
