Day,P05,P25,P50,P75,P95
0,50000.0,50000.0,50000.0,50000.0,50000.0
1,49113.03275979687,49654.46460623805,50034.8498499079,50399.72094815367,50934.306918076276
2,48781.14052236978,49530.56411349638,50056.716528833334,50583.32704352261,51339.61426391259
3,48543.206853782416,49442.50214742267,50083.69378696788,50727.18575758685,51702.11047227209
4,48356.97443059258,49384.409632592266,50120.98094312128,50854.348308645385,51977.72341101247
5,48124.538796139954,49328.562091352855,50147.288295834165,50997.61918938743,52189.52975844294
6,47983.98333813365,49251.844843026374,50173.39117897143,51102.25568584038,52441.27164318789
7,47826.098460154346,49177.57600003136,50207.2302896673,51214.24707200188,52623.643939069014
8,47688.384624641716,49159.66643005125,50218.61327313559,51318.05797545828,52809.39010332264
9,47571.30776608633,49087.124837157164,50235.05831629315,51399.517104302206,53019.16050682517
10,47446.143561563586,49102.44389468936,50270.76574785907,51477.220180842596,53237.37049005043
11,47311.43383351733,49081.934368115835,50316.89298000463,51565.642226864744,53365.27749748656
12,47192.69128671367,49047.95812254755,50330.74897341123,51652.367676064685,53538.743071845936
13,47093.443486190146,49050.58990371006,50351.91305241216,51708.21869605713,53699.98136875196
14,47016.03861668836,49002.68586272594,50382.37255290194,51790.4829731039,53807.45406509418
15,46929.232135438084,48971.49864268673,50407.90656075861,51874.13167297231,53986.358485041244
16,46838.26729614468,48983.18066657522,50439.55385828728,51939.6563486895,54166.621268159884
17,46763.08889780099,48921.10741893703,50451.83650567054,51985.791399526126,54292.505478836305
18,46667.993542748816,48908.44300700523,50500.67945446515,52095.91469108161,54434.21760106786
19,46609.17578338356,48898.692085907955,50527.30841959843,52155.83960587435,54554.147408426594
20,46559.66357848751,48865.97471670266,50551.738544930864,52250.08783359835,54707.70490929662
21,46489.57295382488,48855.41049031128,50601.59510179123,52321.568444678225,54814.21553279339
22,46443.49359847062,48858.08805734736,50608.55254078096,52398.89305605039,55035.147468805066
23,46431.25204653276,48823.67710432256,50635.191833756646,52472.558796122226,55163.92425444791
24,46360.053861039836,48832.294679089566,50660.6890985802,52537.78696456001,55291.37942639976
25,46256.15335275882,48830.60706070117,50674.271678092555,52606.36413242041,55411.64921647286
26,46202.404635156316,48827.14262402557,50676.73499627417,52655.37605942157,55590.32021019701
27,46162.10705387954,48787.85457534822,50742.27141269694,52711.164647697646,55751.04725519087
28,46107.07480008654,48773.801638795354,50771.73060170091,52786.52141606384,55796.421024871684
29,46057.370981820786,48790.04268670289,50793.79588732589,52855.79853862566,55936.80015582319
30,46021.10176215713,48788.01083668116,50837.2493121581,52927.020822878505,56087.31018604694
31,45993.373332554496,48769.68137497565,50870.166561657235,52946.338259952296,56260.242449988684
32,45924.38069710662,48796.767750766834,50896.30034349831,53021.23433218907,56341.60790631123
33,45924.404994542856,48770.923936464154,50911.9908442218,53073.21099004686,56495.58526951597
34,45937.26014927301,48785.22575851653,50919.54563401091,53139.01936983961,56572.95458444261
35,45829.17747236972,48746.09388549887,50968.056109904486,53210.431855152274,56726.35401957131
36,45743.680686142434,48749.16984941087,50950.365402872965,53259.81611185869,56802.64143716359
37,45737.16809011769,48723.489098716665,51037.127526056596,53276.91775940805,56922.974322999806
38,45666.091202841475,48709.598762069174,51021.387101434666,53392.78931075675,57027.48660048665
39,45603.35589046199,48700.801808092205,51045.02552117296,53447.60977307094,57162.78993709355
40,45556.92728701669,48720.55646125403,51065.74429764787,53487.40925325768,57245.57137987932
41,45564.90027376472,48712.30673529543,51103.602879918035,53518.365901930134,57420.099199926684
42,45477.45503140683,48727.50713098902,51138.63865836042,53614.24949718484,57561.445604063156
43,45412.270354090964,48707.6281870221,51152.39626338889,53664.25811938905,57694.89033627933
44,45371.27176077005,48721.0564594769,51161.98382684313,53711.93561196192,57750.91068255601
45,45348.67487977345,48681.43091923824,51201.31314989644,53781.24198978451,57802.86056004592
46,45332.28606653744,48712.358228138706,51174.00868984967,53784.17542903873,57900.96456521666
47,45271.31621712501,48725.888685647464,51241.667185851555,53871.612365450215,58094.87878668115
48,45214.429947701065,48715.78164572307,51245.84469338908,53907.60634771148,58205.09820998748
49,45174.72045651489,48718.42358394237,51235.24020813257,53957.85417314147,58244.41517487394
50,45135.3685499917,48698.164998079395,51283.95928397473,54018.516716774364,58421.45660296445
51,45149.19351485157,48699.48838846754,51318.95940599684,54099.50503415946,58487.51956742436
52,45069.86623366596,48690.53761369994,51300.76765063354,54182.29158992082,58578.20074119544
53,45047.900586188225,48692.80854436077,51369.43698290028,54230.40141039502,58684.39046242737
54,45036.26491996693,48676.9193850292,51397.006394353695,54260.27694488777,58757.87093100439
55,44972.866898388915,48675.25897070268,51406.32912607648,54328.348296679105,58746.8115115877
56,45017.534584599736,48690.46136013315,51445.44206477498,54364.53170181481,58947.3486379044
57,44959.1663430479,48687.51052860023,51486.05801310987,54382.477167720004,59082.3932507039
58,44891.64546362375,48699.666308537315,51481.97691662063,54475.35571894726,59219.025205890015
59,44863.73693904135,48670.88962826441,51553.44928265853,54572.936194410555,59281.92944373873
60,44768.868857782014,48657.19843092069,51579.91060697657,54589.28057340043,59343.36559165051
61,44765.419397109035,48663.66840022938,51615.0661306901,54635.914594987276,59407.0609620752
62,44703.90489294525,48628.786685818806,51665.938239695635,54652.86880412407,59455.33356047235
63,44652.6412799497,48632.4594316209,51618.5856781077,54716.69612500193,59543.81628672135
64,44639.54198439303,48668.89661658416,51672.13582984221,54772.539008171145,59684.422209811804
65,44592.60309568515,48637.2155679557,51682.197428163374,54831.81577176629,59801.44535794923
66,44583.44415601955,48664.91527524382,51716.28415608697,54874.67254914522,59922.837506703654
67,44545.641751519746,48710.17627683341,51736.09403250177,54909.577883136626,60052.77444032131
68,44545.33729804377,48719.094783520726,51752.694996992315,54973.01627086194,60112.901731846505
69,44528.597993672556,48675.793960939656,51795.4668420176,55024.1045136894,60216.731529650155
70,44459.565970163516,48685.91584033725,51820.29472274596,55107.31202364252,60332.849039967994
71,44456.497155481135,48692.76749984704,51841.738442720314,55144.84657258089,60459.99459950415
72,44451.23289608814,48739.71978119215,51854.179675812135,55159.29463859378,60600.22093940136
73,44455.810697599074,48724.48286740173,51900.820509439,55195.13258312878,60704.12015443635
74,44395.52637513426,48682.97430208895,51930.148179306765,55252.73395208157,60741.348946687205
75,44408.35791915491,48719.380836525954,51983.33907511723,55289.17638614633,60835.73467274094
76,44403.770888219726,48743.120349598095,51985.597284782496,55376.74072688964,60922.13611511795
77,44398.26653549144,48698.6713511377,52021.25322145637,55505.5653360203,61029.54135820444
78,44346.12024415751,48725.248305205954,52028.845848210556,55522.30075631235,61058.184263848365
79,44307.48905537116,48744.38020153059,52049.35279949651,55572.33513098398,61150.168479266475
80,44256.83436827148,48752.14048820494,52076.03066568784,55638.36021549911,61254.90458696418
81,44213.494716704554,48737.47440461995,52069.63961427282,55635.86329022127,61376.52753970875
82,44203.793402489966,48759.17924829099,52092.723254938006,55709.41466540549,61568.766713115
83,44211.05709356185,48765.78551944965,52098.19075865367,55788.33424380439,61561.56107169303
84,44161.43864409432,48758.40329059719,52162.687959415634,55835.98523032845,61703.2400796555
85,44130.72564400851,48794.280631220456,52180.13741029613,55866.20977405177,61711.521617013284
86,44110.91867239114,48774.93493023693,52233.84617215387,55946.00308010686,61824.70134367
87,44079.24008302888,48762.17751827203,52224.41845830593,55945.12663186722,61911.32781647677
88,44059.92304466276,48756.00807378114,52240.517056882774,56006.26646046239,62061.939545316294
89,43999.530056427415,48790.52810714001,52317.72212118052,56040.57768297376,62207.132691909166
90,44039.91318387484,48742.42877203724,52329.82734488031,56113.18254132345,62210.764164928834
91,44095.00847493883,48754.695895333156,52346.90559272896,56206.354013255754,62368.064569139206
92,44012.104458505,48685.701775560854,52336.17295460201,56254.248314524964,62465.01378750274
93,44051.25024898335,48753.51098952416,52371.02830595308,56278.302209551024,62561.346085860176
94,43955.60621000558,48761.70762859352,52388.448881217555,56328.69740378167,62512.418692730156
95,43950.965636246736,48760.51724888281,52424.248020942905,56386.7716345433,62649.40787737571
96,43927.58419133053,48784.51958648824,52420.080092972275,56406.4269386516,62715.425318350506
97,43887.04385917547,48771.464386778105,52472.486800910636,56459.48916866598,62838.54639758639
98,43873.18947454179,48806.46590346633,52509.23757696984,56502.0884786947,62954.26080943533
99,43797.62645189995,48796.5638081991,52525.27840543639,56561.01817990659,63032.67017407374
100,43758.744381702534,48773.112526447956,52546.323413616024,56601.135391025105,63253.70692172837
101,43814.353987387214,48786.846736304724,52573.917404827065,56659.03446106528,63242.93621112372
102,43769.326542996714,48779.181387807475,52587.4535453391,56745.43031918617,63328.552121380395
103,43735.49560365485,48808.52421758728,52638.722485386475,56844.73354394141,63391.00950211093
104,43736.362179688156,48823.97061349978,52624.91018633389,56868.66900202648,63527.044320447
105,43697.176794996856,48786.570967309744,52664.667575710584,56877.7527957954,63657.155037987875
106,43720.34224113984,48853.4360108182,52676.80060426225,56947.17302642673,63739.91056778347
107,43654.33376383145,48878.362769726096,52711.41976046952,57019.008801896554,63786.631928026116
108,43559.49632829756,48874.73102800301,52760.733874770754,57019.621664753664,63910.60488668516
109,43593.107682934875,48848.19112537893,52767.72108265861,57061.838132264376,63916.50011119192
110,43650.936460364625,48863.403796485276,52788.43699778065,57069.91342677856,64006.84564651256
111,43654.92472118073,48871.89766661643,52823.48231140362,57127.831776177634,64256.59328989946
112,43620.43426132428,48873.55621473951,52883.33099603408,57217.362639035215,64248.67052993221
113,43585.63503579713,48899.71412982885,52896.58549320344,57246.7775546745,64317.338024684694
114,43655.81046447572,48929.53215560412,52897.25341630478,57236.27601173473,64397.617863472464
115,43734.26479651153,48937.065328341734,52914.91298523341,57323.852784682014,64425.01199617253
116,43676.98767885272,48961.622581893884,52968.4826632123,57422.40202734712,64587.42268555596
117,43686.26543146723,48944.90319232863,52963.39982216964,57508.34600709884,64688.32586600976
118,43606.255331775836,48919.61688290525,53027.407491624166,57546.561566540346,64785.44172273329
119,43593.6841603165,48950.51368513775,53039.26281669255,57593.90548330355,64859.058958955306
120,43574.2289623498,48944.00624705064,53091.099459009856,57687.28871319575,64971.873898124606
121,43500.72009939193,48954.564483359565,53102.556504563065,57730.08991482804,65031.18476845689
122,43552.78651551942,49003.59904000503,53147.24543859062,57697.40074798794,65012.275618380554
123,43525.24369388555,49011.200975545216,53199.95991426479,57762.911715981754,65143.129284454175
124,43514.49741052363,48981.17942170359,53196.01583144794,57826.77988297825,65159.06436564934
125,43442.589569519056,48943.78330542923,53246.70783013182,57829.13685618036,65339.412846843436
126,43475.186972928095,48965.547593687406,53280.846178024425,57891.0475302922,65453.16071187815
127,43431.706870029244,48954.8440599154,53323.15772069091,57924.76174810317,65401.65320884298
128,43468.862691461996,48997.27231326677,53337.654137583464,57981.38528406051,65485.59043497141
129,43422.95567487317,49020.5178422233,53382.94578572617,58042.21371361196,65490.742437525776
130,43395.26045540339,49034.19414655792,53409.31232737997,58066.50586743869,65585.71719548831
131,43389.05043900045,49041.55492231266,53432.50445160865,58138.51923852591,65850.68754578423
132,43361.28003731161,49052.11937719036,53413.98690095268,58164.73401633644,65950.47752279667
133,43326.35742423334,49025.864470189976,53416.66299969282,58218.37166080575,66067.79004290175
134,43297.841065239816,49059.919403295964,53449.01177093496,58294.875819771696,66132.38820721235
135,43287.837757158144,49054.17602935591,53499.68141003353,58368.22045642114,66192.24883884632
136,43252.257419348265,49048.02029489836,53523.98047997043,58403.26002195342,66430.46623765145
137,43237.30464849519,49101.36242142155,53555.49469168038,58459.43432094587,66483.83167739482
138,43113.18181935127,49073.288852837504,53623.920347483494,58493.44345036161,66593.90643343325
139,43183.189873642455,49099.49877478756,53629.69442004892,58589.968722479716,66682.3052112362
140,43182.196683069444,49091.205865197815,53681.95488356534,58632.40079224881,66771.3000682272
141,43037.215833958,49139.96027747712,53698.88692287228,58649.37497414952,66842.62247163014
142,43068.96301276313,49162.51921411474,53710.314864675645,58693.21045058545,66874.84975107425
143,43074.00631108016,49190.339275289334,53725.881315458595,58691.13299534277,66895.8559237371
144,43050.29776429893,49115.808190659314,53777.2774548242,58789.673971949596,66994.08848523191
145,43032.03874732541,49150.78440518375,53771.610848349475,58878.151970864245,66985.10830077327
146,43069.110612352386,49176.302258321455,53779.69989976971,58899.84098731934,67037.0931082743
147,43066.65215790573,49177.59101970504,53809.64602417519,58992.77342936116,67067.82946512307
148,43014.178826138836,49152.570555998,53866.54769798957,59041.10797710644,67165.21754450173
149,43045.67474488887,49151.075489990224,53905.10879274006,59071.99741557191,67266.07248264477
150,43086.49679388779,49192.72070247124,53928.83052393646,59127.2358025383,67375.61534142183
151,43069.11363650873,49160.80426324367,53927.24513822915,59157.21994759006,67412.11212047223
152,43099.41412598706,49177.74729362586,54031.58387745543,59181.62521398826,67472.5882485932
153,43057.36922237435,49107.49745193482,54071.798593624146,59254.570151003136,67519.75699218317
154,42995.81835154605,49078.30710185295,54038.88541166432,59284.48114624354,67624.11239888825
155,42949.29468156049,49113.58169576514,54069.8055899061,59314.53976942637,67680.91690746581
156,42979.92830975454,49160.518735856334,54118.83198708056,59408.30084648703,67680.60104013559
157,42966.63916746457,49187.85385235203,54169.135391118485,59423.21374457366,67843.52443566412
158,43015.0526720923,49232.931679500325,54174.83903480647,59431.301238466636,68006.10600231674
159,42948.08131632297,49277.16042151018,54200.800623271694,59464.40332671224,67971.1739631375
160,42955.90052677918,49194.62259018692,54243.08031151365,59510.8832487717,68168.14294749843
161,42964.5914283053,49223.83195081046,54243.96338879978,59546.167226457896,68275.28580585458
162,42897.26555606379,49228.4660143965,54295.70986754181,59576.99304545374,68164.41582499495
163,42908.994604230786,49274.661739892435,54361.21548073005,59626.34810688625,68518.05133347593
164,42906.97516079629,49177.32899142304,54309.608130651715,59739.26839532519,68516.06518723493
165,42886.4337099745,49240.33281768656,54342.650064774956,59811.22177034795,68633.56617480166
166,42911.747015491295,49251.977769648496,54394.81716957482,59862.36012983436,68606.41352387755
167,42881.1532529746,49237.066252979224,54432.04820934255,59890.813840137096,68715.92501925786
168,42806.01924810391,49264.98730372204,54390.528870425565,59922.4973130726,68738.22764825475
169,42850.758307039774,49302.65424459001,54409.6064034532,59948.32809177764,68901.07519137673
170,42795.498579297666,49304.44288810644,54392.07904907146,59984.67894955581,68962.09019658623
171,42780.11260619445,49328.673425665336,54369.34319468181,60058.439875504264,68976.21296107618
172,42820.44903092335,49341.36880142944,54460.454568655055,60085.78095285215,69088.18091075432
173,42792.28418685271,49336.6431345104,54541.57265248457,60104.19209856951,69205.15652759088
174,42828.170206566625,49323.47788354446,54502.108094884694,60152.929614174514,69242.76680179685
175,42786.620183898005,49317.37961843777,54558.64064628752,60217.8840713095,69407.10219942903
176,42713.77349836663,49329.48497893699,54636.57756713787,60218.39192312509,69531.76979012832
177,42704.11633629837,49287.68692680775,54658.494816714,60299.108010747164,69591.93659439335
178,42822.68075639387,49333.74338571871,54626.35130624552,60372.98123824563,69669.54633618379
179,42740.6850404011,49406.07973322293,54654.02731285513,60407.213054613996,69761.66196423181
180,42745.54535404363,49367.45239031951,54660.55351391077,60480.740446357006,69880.29783260266
181,42692.72129175118,49410.96030585197,54708.58241574399,60502.10339427347,70022.89674565839
182,42771.83159056341,49381.84358489656,54769.69254056501,60545.425760099184,70034.78163170067
183,42777.573209718066,49364.07109904941,54786.242591411894,60556.46254266795,70128.53061817813
184,42726.16406461224,49399.01622859434,54760.81448158108,60642.1356492783,70061.17607289665
185,42709.55944095575,49466.646171360524,54812.66546176559,60607.08994759603,70143.50950675068
186,42679.265484519135,49445.15523051391,54817.74367210065,60657.118727991015,70257.07298215032
187,42682.304932543026,49442.091006713614,54806.835287461836,60662.47702660339,70211.74366417872
188,42691.174689747655,49487.73131723827,54948.355074581035,60764.10961261178,70302.76137481407
189,42640.54269026112,49461.075262801416,54965.7161151584,60792.210058837896,70461.86709719569
190,42583.31807882163,49453.6912686501,54990.678469733015,60833.534552800935,70546.68966260922
191,42599.66621559915,49477.95330069156,55026.28938705535,60983.26847545359,70630.53450540827
192,42620.91331078349,49540.29868130933,55032.73098047121,60956.04736147245,70754.4957258695
193,42646.21218026359,49564.78438282767,55032.78505544552,61049.71834882031,70907.58459919743
194,42656.05277797569,49575.913644261964,55076.09547173149,61128.78080090676,70946.49729252346
195,42597.871143731434,49571.10733064245,55143.379278341614,61165.47362294331,70986.82947151353
196,42593.76883146597,49651.29572117649,55212.15472374115,61258.27245702053,70993.48576065684
197,42636.320107895845,49663.42750203464,55180.059694733645,61230.11584759864,71169.31690704018
198,42645.50192751701,49590.35365278937,55213.85432644105,61279.88751297881,71331.86055975783
199,42654.687818714054,49604.55878876067,55233.58575370585,61386.8958361248,71427.83928781729
200,42575.92088491022,49629.74309409064,55286.65600369839,61417.205779001386,71655.95357532271
201,42490.06613250973,49614.477802868,55342.230493105555,61429.007240765364,71603.14687644909
202,42507.883487483465,49615.382730599355,55355.50909955358,61509.37630916497,71568.38443335141
203,42405.35685775589,49651.233726002225,55402.712859854546,61555.0601050272,71794.35193309432
204,42477.50282717591,49667.790352103984,55429.59581134785,61562.88653677207,71732.37650061233
205,42390.66253050693,49682.80517936187,55439.01576489939,61600.52311886844,71965.1980515005
206,42338.699975464406,49663.14310262738,55459.99649086159,61651.71635103418,72081.7474906981
207,42453.649260238395,49690.06097548155,55479.9562786685,61734.99637018344,72094.28614165958
208,42493.14474224468,49712.14025369294,55562.27260242868,61782.21874391997,72137.85042159185
209,42443.5414883839,49714.51815569727,55644.60612818334,61873.50319131239,72066.59471087584
210,42484.1005838564,49730.32467895449,55680.033170704424,61853.62295957092,72034.3555145683
211,42394.458869198956,49770.61994867891,55650.74647569497,61904.96823972902,72277.19509628028
212,42430.4117619353,49752.86808217661,55609.70836874053,61971.12322163269,72384.12048008158
213,42474.34268953432,49774.64748822824,55690.03966022657,62035.09777022396,72470.4967368289
214,42500.073583338744,49763.82788423982,55724.52586108256,62067.338042894764,72553.87095172689
215,42514.91616558744,49809.292731327645,55734.82228751119,62098.27962315576,72622.29358990797
216,42422.1056463742,49786.83454391398,55776.35100278939,62228.87552014395,72817.94821963826
217,42460.67195941018,49812.80633826515,55834.72769968679,62213.24272406267,72880.58129210016
218,42401.23271060583,49785.06760444783,55842.36946522995,62294.5610552889,73012.20902727189
219,42348.30408044507,49848.243464778614,55896.65508813412,62260.19766850531,73054.9110940192
220,42430.39213911439,49888.47116453101,55938.13060389142,62272.8025050125,73149.39550362033
221,42362.84921597219,49879.46196505548,55999.10185613953,62307.04957096932,73288.1484315506
222,42394.67161490134,49873.49250565101,55996.81508163389,62390.993736757984,73430.58609813859
223,42447.567773788294,49840.62177056448,56050.88045659604,62435.8949413887,73502.68881355418
224,42411.39245335149,49910.63151334358,56061.41279997055,62457.140979046046,73552.2533173834
225,42495.55659343524,49942.488123318915,56064.250564976915,62527.9160015563,73581.18888811588
226,42478.45830619016,49952.94764629449,56088.3421848436,62516.17707322717,73713.15349307237
227,42347.35278725515,49963.03868093563,56102.81777211264,62536.35297817635,73756.25078630059
228,42393.833085602535,50019.17083023048,56091.028951088214,62611.33400105208,73802.83615399143
229,42392.16277587734,50007.13228940963,56129.23066226233,62692.756031291596,73860.34383790068
230,42375.80296586542,49989.07272280689,56159.814578281424,62765.68292220984,74122.89203464946
231,42370.958626347376,49994.38848405797,56190.22077864816,62901.43230679,74230.98216674486
232,42340.822617423364,50040.04160302946,56221.63683182027,62929.0307375989,74323.2220511686
233,42299.231911332085,50021.41198340982,56264.17668963084,62940.18325000896,74459.54611134429
234,42334.23594820102,50039.06008452652,56277.927042366355,63002.573410074125,74547.8390008148
235,42355.62280355518,50027.24686881401,56286.18928103855,63054.18521831265,74638.3616544064
236,42274.71148135818,50063.33434406842,56249.73307800764,63107.04916347734,74593.7875091038
237,42308.99452526315,50064.92806203436,56336.14188161015,63167.595709078,74600.86351387754
238,42308.380354613706,50081.88960328497,56410.593989231806,63218.333126193495,74597.04125070627
239,42265.43473542862,50085.67385832607,56414.98560399428,63200.140258434854,74719.3274795485
240,42324.320670027926,50001.479293335244,56419.2607723671,63289.74197258011,74698.79227943181
241,42356.23812104824,50009.984271313566,56446.08081377786,63334.995153465825,74867.63261198199
242,42340.4778329955,50101.93713520636,56526.69410311207,63439.02387789771,74961.54047864767
243,42302.89039966733,50121.85021591516,56499.0196625916,63457.34913662918,74910.38109337147
244,42314.907269548625,50115.012040424524,56589.34641701606,63547.63408039055,75093.5934991649
245,42242.30974864802,50128.20032672228,56592.628728622134,63554.43192039961,75161.41748863415
246,42266.84630682284,50167.4413069259,56624.38092994649,63633.240157692155,75116.70428784858
247,42191.05354762198,50181.16506838019,56704.35065781791,63647.34803085176,75066.83084927249
248,42238.36011275329,50207.96070208645,56669.62172883575,63682.026890235036,75117.26298972804
249,42265.68028645486,50153.205449719455,56670.154676148246,63724.48669288972,75376.27912184902
250,42269.73172747606,50241.24138332564,56684.61230312342,63747.171015818276,75423.06535400538
251,42287.6781839501,50263.16451982144,56668.053595790494,63747.78888239978,75447.0965424444
252,42204.096849342684,50354.230471914656,56678.86326962484,63727.2746303493,75540.50902547227
